uuid,style
ffcde60a-0158-4cc3-9b53-694bbddf5cb7,UNK
80804fd8-1350-4c19-bcf1-4a3d232cfa15,lowpoly
03bb4234-73a7-43cf-a5f5-32e0ebe89df2,pixel
0593a1cc-a6c9-4d52-aa2e-9cee91d2447e,steampunk
fa66a70b-eee6-4d18-bc41-fc90968097cc,pixel
108edc72-7363-4995-b14b-390057594f5e,UNK
a7977472-4bde-4bc4-911a-0631da10bd0f,steampunk
bf083389-e7a9-49c4-b62c-f0d5bbd21887,water color
3c351171-3cad-4a5b-b9a0-41fcdddeb21b,cyberpunk
b199db51-8144-4d08-92c3-de8f96dda073,realistic
011ce672-d574-43bf-a077-b03b6b0243ea,realistic
c3bd8d7e-b51e-4c46-a110-24ff31f58429,Ink scenery
f1167c6a-1cbc-4391-88cc-3336b30d7f85,futuristic UI
d93f944c-ca49-47d5-83ec-6d4d6fd6bb11,steampunk
cd68c721-cb18-467b-b3e6-53e0e1990ec2,pixel
f0a3ac1a-ec90-406e-9eef-1051a80b24d0,cyberpunk
fd927976-e3b9-4972-9b14-d05d36d6ef96,realistic
91696224-5b4f-406b-954c-a7e191f52708,comic
f0699246-553d-4cef-9678-b7b148d8639b,steampunk
eb1aed72-2792-4062-a186-0e053fe66ca5,lowpoly
3cabaa4d-7c05-4e73-bb6b-e24dd29cd069,comic
0c14f39d-8a6a-4d3e-8c08-c68f65a6ed9c,water color
551af2a0-7d41-432c-ab9e-f464bd95280e,steampunk
7191d2ee-a4ea-4a89-8e28-46aa04624b23,futuristic UI
6c2a77ae-cece-4579-bbec-1cc7ad3f08fc,realistic
b6cff414-18c7-4239-a7e5-e6dcd93d11b4,realistic
fbe5a16b-9ca6-4344-a494-86822ad722b6,UNK
93745fee-e3bd-407b-9f1a-00bdb988c086,oil painting
6a875238-b5b4-4dfe-8f6c-0a7fe1ad3ead,cyberpunk
924383e1-2e18-4c6c-b191-0e2a1a41111c,realistic
d00089af-8a11-4e65-a46e-f612680d6907,Ink scenery
72c0e876-0e26-48d1-ae37-21475141e9d8,oil painting
0785c981-5e10-47fc-9f5b-c90ee5cc4627,oil painting
1bc1a17c-2351-441f-838d-444b87bc232e,UNK
67e8391f-d423-4207-a13f-b70e69849322,Ink scenery
ee74eef6-c30c-42b6-b10c-b41808af1f6a,comic
3c3a729d-cd1e-4158-afc9-4b7041571d75,cyberpunk
e33eb3a6-c489-4164-be6b-272b8814e962,lowpoly
d1128397-312f-47b0-a524-c9d5d503b664,pixel
235e931d-a6e6-41b0-b577-be0894ac167a,cyberpunk
40b87bb6-163b-484e-9371-4def75e9b1f0,oil painting
4ba9e456-19bc-46a1-aceb-4794b051dc10,pixel
8a108d11-eeb2-4f36-959c-192cfae5d60e,futuristic UI
d4f2c204-29fc-4c77-969a-63f18f6f5f1c,water color
18fcee6c-fd0b-42ed-adb6-877e8a12c48c,UNK
fac98501-79d9-4fd0-a2a5-5b8bea7336c0,comic
1932c7ff-d344-4ca3-a1c7-02353721fb96,comic
42ebcc5e-4ce6-46aa-839b-2d34b78d5302,oil painting
54dfdee0-bfce-4b25-bc30-4668d327e406,realistic
c98b14de-f256-46fb-9e95-1e1f6290eda6,cyberpunk
bab20139-3a82-4a06-8969-402372ca41f5,water color
a8b42595-d40c-4a49-af48-b8b7245a9633,water color
781dfbc9-6a13-4b96-a5fe-eb6aaceef242,realistic
47fbc627-abad-4feb-9cbd-e29752437a16,water color
9ccef9d4-eff0-4735-b575-828607ea8a92,realistic
4b44ec59-90d4-4243-b257-298b52921ec0,realistic
388e9585-0a61-4322-97b9-3f2515bc7cdc,realistic
58ea290e-3667-46fc-8c04-d1f1e037128f,water color
0b790fd8-14d3-4f37-b351-a4e832fbeefa,steampunk
33f1f9fd-fa3e-403c-b8df-e1a887baba38,pixel
a7f5a2bc-a8d9-4a25-a5c1-7d295b61d15f,pixel
1a03f127-eafd-4605-ab2d-2ba592a594d2,UNK
4a41e772-99a6-4805-b135-1ceb8578491c,cyberpunk
9b920c81-5118-497d-bc9c-322447d06f9f,realistic
ee9ff1ef-0162-4a7c-80f8-bf1b5bb30b01,comic
ea25a241-fb02-4886-af4e-c80abee07cf4,futuristic UI
7edc04e8-207d-4de1-8951-bbce84b5c52f,Ink scenery
7d14a9f7-e3c5-45b9-ba17-010d8666d37d,lowpoly
3f98f27f-d783-4da5-b140-20412e194eab,realistic
30fe2aa4-15aa-4b61-9337-181550489452,pixel
0492750c-4c5c-406d-85e4-3ea944a66595,realistic
d2d13289-96a6-43aa-8a3e-9b58e02dacb7,futuristic UI
ed4e6988-4135-47a6-bfa1-585c0dc1a1bb,UNK
b7eaab41-d833-4e31-a71f-304e113bff2e,cyberpunk
4dcd738c-7ab3-47dd-a4d5-e48e7de4fa8b,pixel
58b91d3f-c5d1-47af-97b8-a51e0b0f1366,cyberpunk
ad59de08-1afd-4e18-a616-3bebe863446d,steampunk
b19646da-2e96-4f6c-a36a-0d1cc2912087,pixel
391b6bc6-f638-4a0a-89cd-d6d292a22b9b,realistic
93af95db-fd7e-44cc-833a-2c40e8fb5b88,realistic
2ad34825-11fc-48cf-85b1-5f006853f7b0,lowpoly
ef536517-bc00-4ab2-8605-9b32310581b4,futuristic UI
76b1585d-9ed8-4394-9a93-361ca78f8b87,realistic
c9c96e55-be38-44ff-8b20-535faa527b30,realistic
2fb059b6-f32a-4405-8f7e-99f0cb239be2,cyberpunk
9dc30ad1-7c0a-4251-bf13-def1438159f3,Ink scenery
c77b4320-8a5a-4206-829e-5f0ee2bd742f,futuristic UI
e6ce4903-c66b-43ef-be9c-cf2c106556c9,pixel
49eeed0e-0651-4664-89e5-ac6b0aa8fb0a,UNK
03cfbfbd-1711-4a7d-bd10-2b40a4d2d394,cyberpunk
9f78923e-b470-4f70-a8b3-07449f0b5550,steampunk
7b2dccba-74e5-4ef7-a4c4-fbbb9bfca04b,water color
2f630cf5-8413-42c0-bf06-c208cfb9dbfd,pixel
c14ba7fc-4e42-480c-be30-09d579fcf8ab,oil painting
3504fa53-9d28-46ec-88e8-0821e9a61b00,oil painting
061f966c-f7df-4c3f-9cbb-24cf06279b31,realistic
cd3b063b-3920-4b07-ab74-f21044278f27,steampunk
b769f7dd-a9bb-4f57-9326-d00d29b34301,realistic
cbfd1977-6592-493f-96c0-bf497781e0de,water color
eac23f80-8ad6-4225-865b-96c0d7de7614,UNK
809531d6-5003-4738-b246-e855605754e1,Ink scenery
6cd9b70e-44e8-42f8-97c4-ce8af424fe41,Ink scenery
10f9d52a-b569-4811-a5ec-7342a9a804f9,cyberpunk
b0b89e4b-9554-47f8-a31d-51d3756a368c,comic
3b288908-4a00-4507-a84f-a3c52be13a42,water color
b2bc9df4-bca3-4db9-9512-e5672b397f81,comic
79c6f586-4084-480b-9bc6-cfc74e23dbab,Ink scenery
ca388614-3b10-472c-a1c6-25a63505be3c,water color
ce39b448-4e7e-46b3-bad4-4a861cd29f7b,lowpoly
b276cc03-362d-40d0-9487-743e402960e1,cyberpunk
94316b52-9b4c-4e65-b923-3c6bb8b42b33,Ink scenery
6c18fcb7-2bad-45a9-bc8d-006fbb58dec0,comic
fd0833d5-7cbb-4753-8a1f-712b02ed4681,realistic
44095f21-6a2d-46bd-a656-4320a2f57a3c,UNK
956a8e40-bcc9-4d66-b20d-f8c47b46273b,pixel
e1703baa-1db2-4f14-b7e3-ad6c2d9e8c3a,UNK
2e26866f-ab32-4c13-83f7-ee19425815e6,pixel
26b86024-44cf-44a6-b241-eb3453165b5b,water color
8a1aed48-4501-46d0-82e5-3893f76e5367,steampunk
ee115cfe-3f2a-40c9-8f83-c73c2bfef7bf,futuristic UI
11b3f1ea-6e40-4bd7-9174-37d7938d6602,steampunk
0487988c-0494-4b5e-b951-af00cb24139e,futuristic UI
f63b2f5a-ca84-4060-aa11-fca8d2727e0a,realistic
adecab70-c79c-47f5-b99b-ff019d3c83ce,water color
cefa96a6-215d-47b7-bdf6-d2291bd0cd7d,cyberpunk
af735348-e492-4942-8f54-8bc4a69af47b,comic
fec00c13-781a-44fd-bbbf-aa08d20e7da9,oil painting
416e249b-74b3-4c4c-8872-0fda40d76810,steampunk
564f6290-35e3-49d5-8aeb-efb708be97dc,Ink scenery
18e816dc-9bb4-4b81-8edd-9556a17cc16e,cyberpunk
1c383ebc-f676-427d-910e-07e7c5af27d7,Ink scenery
282f7ebb-6b6f-46c2-b9bf-d112e9c7af24,realistic
f8e54ad6-532f-4630-88df-d27456496a9a,realistic
cc9d824a-0484-49ae-93b3-a9f3e45a4a10,water color
1594a645-e396-4154-948c-a81c0563cc39,realistic
cbd1caa6-8727-460d-a4fc-f26b4f3e6b06,futuristic UI
975722d7-8bcc-4469-8951-5481fc97661b,UNK
843bfb9d-6f10-463f-a3bc-1d2c9c387b58,steampunk
3b4478db-b631-48bb-b037-9c66c6550f19,oil painting
aad4088b-c073-4116-8b2a-09d01c013619,lowpoly
57615e90-8ecf-4790-b391-9edb6c2c1127,cyberpunk
e7ea9551-3b34-4a19-811a-b2a2ad87a114,steampunk
b1a2ec22-3b26-4b27-bd9b-e108fd9bfb6a,comic
aaa63346-eef3-4c82-b54e-4b697ecf6a8c,water color
8fe13a64-9c39-4265-8303-bd33dfbca460,Ink scenery
c4fcc12f-ffc3-4445-a9ab-1dac2ad7e8d2,futuristic UI
395cf1a8-e195-495c-910c-73ea8287cc28,water color
0fe22541-e7c0-4a86-ad9d-0126907332de,water color
04bfc1cb-bf69-418c-bfda-a04ec5d94bbb,oil painting
8ff6922f-66d2-4aa5-9cb7-e6a57a9059b5,futuristic UI
1a0544b4-8035-4b48-a53b-0f27965f0be5,steampunk
1a27ecf5-7dfd-4c03-86ae-cbbe05390491,pixel
e906e8e1-eb03-4529-80c6-2b3f86591cbd,lowpoly
39005239-1e8e-42f7-87cc-13f58b99f51b,comic
56677256-eb68-4b40-b2cc-27e2cdbd9da8,comic
75d07a54-6528-4928-b286-1972a76f31c2,lowpoly
07712d79-82b3-4900-950d-8dee152e1521,Ink scenery
05ca7c9c-1a09-4600-a5ad-1da6a9f8037a,oil painting
60d996d1-ce75-4f29-a1a2-824c84e91c0c,futuristic UI
1f9a9f23-502b-4a73-b3df-4f8e2ada5a19,realistic
0c9a5e75-1df9-4712-8af6-77024daee90c,comic
16bdb3a4-0636-4bb6-9a42-ef48eac71d14,water color
c28436f9-293c-4688-8692-efe05b4a6ebd,water color
31e6ad31-f579-45db-8078-dfd99cfeee59,realistic
249a3aaf-0576-452e-8225-168c51769cfb,futuristic UI
bd569a63-cbf5-47f5-8460-14489170a46f,UNK
36a15f18-280e-437b-8511-8307e37948a8,oil painting
111d5b7b-0e7b-424f-8a58-07fd6efdb642,water color
a46347c5-8760-479e-a882-6a0250ac9797,cyberpunk
adc0df36-a6c2-496c-80b1-e9a9e898d022,lowpoly
050ed4f7-d4bf-4346-90fa-6380edebb88d,lowpoly
6bb2ed26-e632-4233-9503-0919477bd8de,water color
22b658f6-0365-4e89-993e-5cc9ebc6e258,lowpoly
518c11aa-a54b-4f8b-887f-fdce97392108,lowpoly
775a3589-ff49-4283-abcb-b447aa49ce2d,cyberpunk
9bd38291-c4f4-4343-8819-1ee614d9f76e,water color
ff294f06-dc36-4f97-8853-ccccb489089e,Ink scenery
f8871100-eb41-48d8-ab2a-fa449b164e3c,pixel
36ac485e-5350-449d-8b9a-8b458ea2c870,oil painting
54e3b674-c54d-41cb-9838-5e9dab9ea29a,Ink scenery
6bbb687b-0c17-4424-99a3-450ca12c7dd3,water color
d45c3c53-83b9-49e0-9348-1aa6d07a6043,Ink scenery
e9260096-19e3-4ff1-ac9f-35f4b718f82b,pixel
c6533abe-baa3-4eb0-ac00-272e0cceee26,water color
d371f3f0-d43c-4c9c-a6e9-71af18df5eef,cyberpunk
81013f35-5991-4f1f-beda-343a3ccd1743,comic
15f6080e-90ec-4f9c-a609-52d87611500d,oil painting
9e49b60f-0501-4077-8560-e60f67b30f75,oil painting
63dcf7d7-6d79-485d-b2f9-18a579972623,water color
1e90c7e8-b2ad-4fe3-884c-0e30f1d4b829,futuristic UI
834d33dd-03f1-4ea8-8fb3-21995f5abdb4,pixel
2156dc67-7249-4bf2-9e81-721b6f26cd3b,water color
c71a5f84-d1b6-4cbc-adbf-7bd9140db877,pixel
944d1b6a-af6d-479a-97a4-7ba6839525da,comic
eb15101f-8008-4603-8c35-f39e46cd51c6,comic
dfd43d76-70e2-4d25-bad6-5af268a67aff,lowpoly
3594e326-b5c8-4280-8044-b67bc7c516f7,water color
f21dd987-1b4f-4a4e-b5e2-97a98088ce1d,lowpoly
f6ad67a7-3f0d-4fe9-8b0d-53eae8de708e,water color
696227fd-9496-4128-b78c-b6814b08e558,lowpoly
3ff65c91-9e71-4411-9bf5-df3d90534329,Ink scenery
fd3282a6-94a0-4744-810b-e4de09a275a5,futuristic UI
55160352-6866-4683-a7b8-1b5e4930a819,futuristic UI
f09ad7f3-7d75-4d50-a1b4-0a16a0468bfa,pixel
cd97e1c3-e00c-4d7a-80ab-15f287572e5d,Ink scenery
66519e96-8a52-46ad-bafe-78770770d8fb,UNK
c13cb16e-e016-4bde-b5fb-b264c26acd51,futuristic UI
64f25829-25c3-4956-b81a-e0849a70f813,pixel
3ea78049-9f96-48ea-9049-b82b9cc971b7,Ink scenery
6eb0ca51-9870-4b36-90bf-cdd20b499781,water color
ca878c75-eec4-4a1d-92ad-8112588acf97,pixel
68b05c0a-64ec-47ae-a035-ffc4ef214f59,futuristic UI
a69d7b30-53e7-4892-b687-e13727d7249c,lowpoly
8cb4b77f-6caa-48f8-bfeb-01a14486f4fb,lowpoly
de32c8ea-b8e8-4a53-83b8-6db208156da8,Ink scenery
35ddd35a-c93c-4ee6-aa63-800f42f3303e,oil painting
b95e632e-e391-4807-977d-21ae3ef4d1c1,realistic
fea0c72d-5955-4c1e-8e85-825dee1918b7,cyberpunk
c3c357ed-9500-46b4-87e4-46c61d9fba70,steampunk
3acd8082-1b2f-46d9-bc0a-8274fb65e44c,oil painting
52133a48-a659-4037-9441-51c77dc94d73,lowpoly
91dc939e-4f06-4e8d-b3c0-71d07fc2ee27,comic
f452a641-8fe1-49a0-ad0a-c32d9e25814d,steampunk
8c615adf-9f3d-456b-9851-a4a00a79cd16,realistic
603bbdfa-e68f-44ea-b2f1-2b4ebb6deba4,water color
4b92e1c4-6ea2-4ac4-ae5b-f936a46744d3,futuristic UI
f945cc58-874d-43c0-87aa-06298cdfa226,realistic
0a350f95-420d-4d2d-8f68-0b118fad379e,oil painting
e6589112-29fa-43d1-a287-d4326098c49d,cyberpunk
ac19be68-b255-4d7f-9e57-10fb0da58f07,realistic
7af7b453-a001-459f-936a-9e7a6e2e014d,oil painting
da525fd2-60c2-4b07-84d8-c2835377c361,steampunk
84f69371-b32b-4c29-b2a0-54ce75053c15,lowpoly
77fa53b9-1e04-4b06-a39c-158fbec9b8b1,lowpoly
29af534d-9cda-47c5-99ec-53be4a6b5968,lowpoly
81782417-914b-488b-a1cb-4160c28b3ddc,water color
2fa89543-ada1-4d8d-8837-812c7c925ca2,pixel
6ea9f05d-978e-4ac6-b84c-ca40000c4372,UNK
2dbf711d-2cba-4023-9fa5-61690eecb2af,futuristic UI
92604c28-6749-4fa5-bee4-f4b320d470db,UNK
41123563-e8e9-4a1f-8b9e-5b475b0f6579,oil painting
84a1d775-b82c-424c-9251-f926cb60e0e3,water color
11c8667f-6f56-4fde-be10-5300c4b9ab94,Ink scenery
3c174e5b-2027-4de6-ba02-ab7db29d0672,water color
5c09f50a-e333-4624-95fd-91195030488f,comic
66ef8cfd-ccfa-4776-b870-d32e23160344,oil painting
c08737a5-4767-425f-bd69-fea38fef7606,water color
714c7fcc-fe89-47ff-8afc-de205bae537a,lowpoly
0115c45d-023c-41b1-82e7-ce4bfa876b76,cyberpunk
de5b0f1e-c384-4ae0-b43e-cf172c23a7e6,water color
78662bc1-d9e4-4dd2-be84-9a3286056553,realistic
b8471b06-78df-4d17-97f0-a521f663e84d,cyberpunk
e637cbf5-8a8e-421c-a81a-cfa8f2d1a19c,water color
42a1b324-db12-4f1c-8861-ebcfc670d868,comic
45d9b47d-bc93-4b8f-9ce5-ae7a600af264,futuristic UI
b73e1824-b6fe-4ea4-985a-19402414c25b,Ink scenery
976a4e0e-9bd0-4ae8-8105-528371ee5b93,pixel
e6b7c81e-38e9-46c2-8a08-3a853d816b7c,Ink scenery
01de8bf7-ce80-4daf-9537-056120f51c98,realistic
ffa8c9d9-30d0-4189-bff2-c1d2e7936930,lowpoly
19e51053-1fcb-4fdd-a9e8-9d22aaca2c5b,steampunk
6287c361-530d-42f2-a2d2-d012bdcc4e76,realistic
dd0d6045-e010-4bf5-a893-71dbec4817e5,UNK
2fee78b2-36a4-439c-b432-65d79b9fe176,realistic
762081c3-4ab6-474b-b095-70e7f34d1886,water color
b800f7d4-b30a-4bc6-8fc8-3198d30f7f86,lowpoly
246e3b89-60b6-4767-9a5b-1f159347558a,comic
7569b158-e54c-487e-aaad-e8eb604a8e4a,steampunk
c0471854-ea83-4f32-8295-0a97666dd18f,realistic
1d3f039d-a180-4c98-b13d-1826dabba6df,futuristic UI
69e79433-b02f-4dc5-8329-be77ad506ae2,water color
abb986cd-b712-4f81-aedf-213876ff842a,realistic
8552be88-d0a2-48ff-b9f1-d0aabe87f9d5,futuristic UI
8fd8f3b7-3df3-45b1-bb1e-ea677fcbef68,oil painting
0454f1fb-b5ac-49b1-8dd8-b6671e12a20d,water color
a1d19ea8-81a5-497d-a4e9-47a48c29e59f,futuristic UI
96964122-2650-435d-8bfb-af8388747e60,steampunk
20fc7ddc-9b93-491c-9d93-74e8a0f59231,pixel
9cee89ec-fad5-4046-8ca8-4abc3bd902f2,UNK
39ea7179-b4d4-49aa-bc64-c530bfcf0bc0,realistic
cc100d41-6cf2-4e9d-bbae-235cd3d9886a,water color
594829f4-85cc-4207-95c6-f760d48e5d36,UNK
7c22e752-a274-4031-9f58-f17369331ff4,realistic
86ce7985-0e2e-4bb6-9851-ca44385958f8,water color
237e0f55-4840-4ab3-b4ac-56a9eb2a612e,steampunk
67bc4bba-04d3-40e3-9787-840bea4d705b,water color
0c4958f7-633d-4cdb-b636-d8b8539b13e3,water color
c1673bc9-9ed1-4689-b0e2-4244293dfb45,steampunk
81ea01ef-e376-433d-ad50-cd742d5b6d66,futuristic UI
10d7267a-5164-4958-8699-6546ee23df29,UNK
994cf5db-1e29-4017-976a-ccf18f6e1473,Ink scenery
4a30c4c1-940e-4299-a922-244162bf6c58,pixel
25d5b9f5-81b6-494e-a520-52d314ee106b,cyberpunk
17c4112e-b29b-4fe0-a3dc-67ee370e36e1,UNK
4a1256f7-b058-4ae2-ad3b-e64029bf2e5b,water color
9f619c78-5763-4c0b-8f71-0d139dac29aa,comic
a5340fb5-1936-45e0-94c1-c5fc78eb76d4,UNK
1920d9f0-e427-4794-a512-465eb03ae8e6,realistic
8ac3ce4a-edcb-4c51-ada6-f79a0bd32b0e,Ink scenery
b2a2fdce-0b84-4709-9272-5079b07d177e,comic
7505ba9c-460e-4dad-a448-931d8fd47262,futuristic UI
abe2e18d-8795-4c77-b426-035cd5084f19,futuristic UI
bcce825b-eb7f-41e0-9416-a7329fb235aa,oil painting
f1c533dd-d59c-4ba7-a0af-e4d1184ae6ea,realistic
cf2df48a-2ff1-4ddd-ac0d-e4100a2ff05b,water color
a417cc88-dad3-4325-9515-1a41e88c0542,futuristic UI
acfd1ea2-753e-48b5-aa48-f9af6bbc66df,pixel
60f280ee-9bc6-4274-8cb7-a8d57d930d2a,pixel
71eccf56-b0b4-4129-aa06-b77cfbbedd6c,oil painting
d06583ba-2b4f-4d4a-bac2-765cb305ec52,steampunk
f2874468-af6f-4372-b4ed-41e545a9294f,steampunk
d7d93225-73dc-48ac-a399-10b198e4b0fe,comic
cf4a8a74-d4df-4dec-9a4d-26db952a274e,pixel
778326c1-61cd-48ba-891c-de1305f9622c,UNK
c513c6aa-dd55-4c7b-9a02-630f9f606fdc,futuristic UI
48d9146f-714a-49dc-9adf-20dace2475e8,UNK
3431b628-9d5a-416f-9803-11d4db07757b,Ink scenery
0a45772a-74e9-4087-ab48-d63f0881b146,lowpoly
cc8e8a01-7133-49d7-90c0-19ffb00761f5,comic
02ac1ca1-c755-44e3-bd8d-10d9cd3a899e,Ink scenery
4afb9bdb-bd26-4ece-8148-9e310b87edf3,pixel
858516b9-6e0b-419e-8cac-0997973fd169,water color
8f438b7d-c8ef-4c90-9c58-ea2d228884cd,realistic
01f5f6bc-6a4f-44c8-984e-680336423b2a,UNK
1f840709-65e6-43c3-a0c6-284a1f1ffd04,steampunk
ccdbbfa9-aaae-45b4-b838-875132f6d0b5,comic
64d25588-d984-4a18-a3fa-8331121ccfab,cyberpunk
834ba33d-ac14-49e7-97a5-f5d0c822e56e,futuristic UI
572f6f3f-5751-4f43-a331-bee08175276a,steampunk
70645da3-55c8-4def-8315-3ced5e6d0592,Ink scenery
5e468f7d-97d1-4a19-bb50-7de91e9ce63b,steampunk
3930f106-d948-4d1a-927d-2d70731a9b20,pixel
7cdfcbe1-e805-4329-93f8-46c86315a419,Ink scenery
c579d63b-c0b5-4c93-8efc-64681e05af6a,steampunk
1c408551-8f2b-4036-95e2-27739564d3a8,Ink scenery
9ea34273-2016-4604-a75e-f59461aca9c6,water color
1cd11afd-7f10-400a-ab43-e0eda1d05513,water color
fe76f109-4e4f-46eb-b0fd-1445040e8a83,Ink scenery
93f9a118-3972-4b43-887d-f78e0f84ca5a,cyberpunk
a2ed1832-76e8-4fa7-b6fa-9e5f7b83f5f9,UNK
a34f61c5-f8a6-45ee-b9ab-3d6ad1ce2746,comic
eaa95864-0059-4643-899d-d12164387fb7,realistic
21cc91c0-1d15-411e-beac-b1470fe7a785,comic
08d7ff8d-16a7-4d2b-9fbf-2991f0ed277a,cyberpunk
7eeec476-9c4a-42ac-82ea-778e3caca21d,cyberpunk
4c26d4ef-1955-4cde-9b3b-f4b4cae2cc43,steampunk
1e5153ac-670f-4e03-89d4-9e9e38a311a9,lowpoly
a597cf24-d815-41fb-ab16-2b3ef349adc9,steampunk
5e6635f0-5b52-40ad-9cc6-bfc99c9d9d29,oil painting
6faf851b-73a6-4c34-8489-37d785948243,oil painting
8491281f-c8a5-4802-9e87-5bc8baaa5e16,steampunk
c5ec2c3a-027c-480e-95af-37a464e925aa,UNK
4b03f078-fce1-4910-948c-c8320154fa5b,pixel
f3e46501-a428-458d-a61c-25fcb45b3e00,water color
b0f8b688-bec3-412b-be49-b4608ab801e6,comic
a855c684-bc7c-41f7-800d-abc2d998d662,lowpoly
a394b8c6-bbcb-4037-ba7f-3cb0430232c7,pixel
1ea0363f-9b97-46c9-995d-426ce8eca4be,pixel
2ef8d58c-3551-47a9-bd5f-bea6efef99fa,water color
69477839-1fff-4ffe-9901-12c72a6d5779,oil painting
9f55bb0d-eaea-4d0b-944e-ebdf58d07ec8,water color
059b55db-977f-4614-8bb8-37a6c76eeff1,Ink scenery
193db955-4e68-4c3a-a598-5ce15cf677e7,pixel
235465ad-3d6e-46fe-8a3f-8afe6b66dd94,water color
a0e3d2c5-1866-4927-95a3-82063aee2561,cyberpunk
9351235b-d232-41bd-8a35-4d0302f671ee,Ink scenery
a99a75f6-16ef-43c6-bf68-c3e811fc38d7,Ink scenery
ef35c70e-7394-4511-8221-673f8c634619,water color
68037f6a-43b9-4da4-b19e-f4b32f6a07c6,futuristic UI
1180d0d6-2ae3-4ab9-9ebb-53656eda0dbc,futuristic UI
ab4e6b29-40d7-4be1-ae63-a02f67c7fe9b,cyberpunk
819a4fa8-0672-4c7e-bcbc-53902f15d396,futuristic UI
9b8a3f79-336c-4f67-9fcd-bd4d1d1ca145,comic
8026f5cc-d843-4230-b2bb-6a8ba2a54acc,comic
140481d7-af3a-4a3b-bbed-1330af34e0c1,lowpoly
4ccd1f1d-007a-483d-a3e3-db9c6f9d33c0,realistic
23d2cb33-f4ed-4093-81be-4b94868b832d,comic
58313cb6-2225-4291-9aab-c174db168c7b,futuristic UI
2fce18b4-bdf0-4197-83d8-bb8a6202885c,Ink scenery
07f347bb-b036-43e8-80b9-52d1bb17cfb9,steampunk
b8205065-83e0-4e4e-ac31-83061d6924b9,cyberpunk
6cd450b6-3ba2-47d1-81bb-8e1db5769f27,realistic
b7b72e00-b188-40fa-9c3f-78cf00df423a,realistic
f55160a4-5bce-4fd7-93b6-84aefb8ab17a,cyberpunk
fba6e076-6d30-4836-9bd6-4a13c82c301f,water color
20b83bae-b2ab-4a87-b563-0e8573b57fa3,steampunk
6532654e-9fa4-4867-83a8-5519fce4d528,lowpoly
3edfe635-05a4-4e0f-8ad5-58dd578b202a,futuristic UI
fbba8893-2ae8-4563-b8b3-d181d0fe9927,water color
57f20dab-19d6-48a3-87d2-d349b716fb01,futuristic UI
7d6b44da-a4ed-40e7-b014-f37012892067,water color
cc7669e1-2170-42f5-9089-92950fe37261,steampunk
cbb8e14f-61fc-4405-a420-e5d08e671220,UNK
b9bf9a6f-830c-4e81-ab7a-3be8d8e13785,comic
a57610cc-5a04-4c7f-8d78-1c87243173f7,futuristic UI
56a6894f-beaa-4bc7-bab3-d4852dc50566,comic
0bde0911-7a8e-4fe9-a8c4-53af9f4ac522,cyberpunk
b60749f0-084a-4a50-859f-5c31a97df96b,futuristic UI
7b5ebe6f-7243-4441-8722-fc7844a3a0c7,cyberpunk
9a1ae1c5-b328-4ff8-b8a7-fb113def365c,Ink scenery
065a741b-8cee-41c8-b805-3414a8d64281,Ink scenery
0002b8fd-e185-45c5-a1d8-f30608c6ebbe,futuristic UI
dddc3d80-dec1-4d68-a515-e7faae19b3eb,steampunk
6400e324-783c-4f8b-b0c8-adf42ce8cd76,realistic
08db8cec-4c56-4b7b-87a3-5b8163af59c1,cyberpunk
386ad3cb-7712-48f3-8805-0f3bf65d4880,Ink scenery
06c14e26-9c7a-4f14-b76f-b13b5f1a0bac,steampunk
64ad99ba-e529-49d3-a5f5-a280c1487e05,pixel
7aede8c9-b9b8-4eff-839b-97c5e17ae133,UNK
c00b7d9a-2a26-479e-8b86-2aec88d114e7,cyberpunk
dcf18f78-d34b-46c9-b765-218e64e54456,Ink scenery
31d3ef0e-0f90-4dea-883e-e8a84d298c50,oil painting
7866b1b4-f960-4a90-b8b4-a44618394e26,water color
9c0abc11-95b6-4c91-939d-507c3ac00a64,futuristic UI
d20abf12-cc7f-41f5-987f-4b1fa6a19eaf,water color
0ebf53f7-92c7-4736-ad71-c4b9e1d70984,Ink scenery
859fd3c9-c6d3-4cc4-b997-243d9df5bea8,water color
9ded01b0-5b2b-44ec-b62c-f4b51a1f45e5,comic
ea392988-962c-4f6a-983f-880d727f6659,Ink scenery
5a458961-2125-4eee-9e65-9e38c3ba8d2b,steampunk
b78894d5-dd19-4ec8-9818-e67f0996c2e9,realistic
7e555589-756b-4ee7-b1a4-a35f6380fb5f,oil painting
73dbb829-7061-4eaa-a5b6-637e1c5120a6,steampunk
9f8a3f4e-a0a6-42e2-b976-bdacb70ca755,water color
6847bb83-d707-4c62-8812-bcaedd88ac80,lowpoly
0cc7adfd-ee40-4fdd-8fb2-14c4dfcd2221,cyberpunk
9d233dbf-4d28-48d7-b8e6-c7167c5de404,oil painting
14027c7f-0ec6-42b3-ab67-45df4c17c636,UNK
fbf8268c-9140-43a4-ba40-d72100910b41,steampunk
2537f106-8106-40c2-b091-36bc4d1af119,UNK
0f60a5a6-28e5-45a0-a247-5ccc658a361f,Ink scenery
378796ce-5c8a-4958-98e0-0a0b32a06f46,lowpoly
8ebab04c-f011-4578-be64-52fb685bf78c,steampunk
6f28730c-faec-41c8-bd02-fda6da0504cd,water color
1f9ade73-d1da-455a-88b0-fd0f894b90b2,realistic
bd281904-4059-45e7-a6c7-b76d300baffd,steampunk
ac9f6ce4-7dbc-4e39-83b6-8a681587344e,realistic
e7ae057d-ac56-40f9-8544-f02e2b6816b9,pixel
916042f0-4b8c-4bb6-99af-74cd2c40a837,cyberpunk
008520fa-5ee6-4a34-bd0d-680f0000add9,pixel
5f24ee22-39be-429d-b3e9-2074b656a5b1,pixel
5d68f2b2-70e0-4835-b19a-ee1ac2da8873,oil painting
31a13a3d-417c-4638-8fc5-6790686028b8,Ink scenery
5c4689c0-9244-4128-8d19-a387ce15a423,Ink scenery
1043d715-59f8-4516-814b-1c96897a7c6b,UNK
34c3e634-5bcf-4c47-a992-ddccd480754a,lowpoly
1291dd86-9e7a-45b3-ab23-81b47155bee1,lowpoly
736d61e5-7d03-4d4e-96c7-65f4645887d0,futuristic UI
f50155b7-397f-4c31-83e1-1c0d0f7a37f1,oil painting
a8eb842b-c278-4d81-b638-34d9a613ab06,realistic
09a8ab03-a9a4-4919-aeb5-52d6e7055a32,steampunk
2030d0f6-9852-4074-b7ec-c4a9abb56e3c,comic
849765d6-413a-4179-b1ae-1a7c7e7ed5c8,cyberpunk
3d459cd9-d567-41bb-a684-887b27cf9ac7,realistic
2e51695f-88fa-48f5-81a3-4a3244a73f5a,pixel
efa1fdf2-4dd7-419a-9b85-f0483632c48d,Ink scenery
3a6a0e94-4675-4489-a5a1-e05263de29df,water color
8fb22fba-6f06-484d-b555-743b5aae0be3,futuristic UI
1d06e7fc-e14b-4464-a388-607a9fd8f7db,realistic
05898bd0-fb1f-4bc1-9fff-9852fce9a336,steampunk
1537f6aa-4fd5-4241-bbe9-07a8a3868541,cyberpunk
e03b0143-fd78-4580-94ed-ae64a26c05a3,Ink scenery
f79829fa-0472-43f0-b738-d17e0e2f7d25,steampunk
7a725a74-474a-4ecf-bd5a-214edb7b85dd,realistic
5051a979-5b64-42ac-85a3-5018f63e731e,cyberpunk
72792ea9-52cf-437b-9470-d105e6614488,cyberpunk
3de8e6f0-cc5f-4e10-adbf-a0a15f1bab64,realistic
3d5c00b0-877f-4bc4-8b4c-d51ad98078eb,comic
d8d10529-5f44-4a22-968c-f64780f7162f,pixel
f4272138-a576-445d-8169-dba6339f4bde,water color
b5591537-2c9c-4bde-b98e-41eb3099836e,steampunk
2d59da0a-d63f-4873-af7b-0ea05dda0fc1,realistic
991a76a7-819f-4e73-9756-3daf7a9ad665,Ink scenery
ab79c200-40b3-42c4-941f-d3698d066641,oil painting
0299e73a-9985-4f1f-9730-fc90619ac1cc,steampunk
8e9dcfc7-7aed-4116-8241-ef2489e73508,futuristic UI
88e04e90-1dc5-4cd8-a20e-3fda665e6a5e,lowpoly
6126b187-7fe4-4672-b56a-26ad017106c5,UNK
4632d510-d809-46cc-bc92-f3de256e6dda,UNK
c8024982-3201-4070-a4f9-f0f592b29674,realistic
eddd21c3-94a3-4859-b7a5-8ba6e7e8b33d,realistic
c687e11c-b203-4791-b186-c7d0a705a7ff,comic
705930e8-3dcc-4676-a589-8d315ce6958a,futuristic UI
d0f02602-1645-4e78-af68-a708e8113c3a,water color
b8043024-bab7-4bf0-8791-192beb4c60aa,cyberpunk
99e69061-8810-42ed-894d-e47e3b8770df,realistic
f2c47f66-6c7e-4b6a-a5d5-077f322a5e08,water color
bbdb0bd7-d372-4577-95b1-0b195c8f3619,Ink scenery
1f68a6c1-6a46-4da2-8f67-61cfd5098c5e,UNK
89a01ea3-049a-40cf-bb29-cd36301881c4,Ink scenery
2ba6b8bd-e610-4e0e-85f6-fba510c5c8b5,steampunk
83213f62-8538-43d0-ba4d-153fbe615901,Ink scenery
408850e7-a139-4e92-acb4-14438adc7cad,oil painting
38fc65c3-00eb-43b4-a58c-cdc58abd7af5,lowpoly
623aabc8-51f2-4da4-b720-19cd96b49fd6,UNK
8b71d5fc-6704-4803-a373-1c8b1ccdff4c,steampunk
f12d130a-655e-43a5-b476-bf1b1a5e2643,Ink scenery
793d0064-e88c-448e-8e43-142f101bc57c,steampunk
624f6b14-3fa8-40ff-87d6-1a9c482e5629,steampunk
1bc334f5-5b0c-46d3-a80e-94b4bc0b2585,UNK
3294cf1d-dcf1-47b6-a444-5f024636b211,oil painting
79437921-87fa-4964-92a6-557b77123969,cyberpunk
c067f600-1996-4c4f-8221-900463b462f9,lowpoly
dcb75f40-a7fd-44eb-9c94-b7f5132cb844,pixel
1f45ef1e-1719-4b55-bfab-77b4a9d77e2b,realistic
2243cd67-76f0-4a5c-afcc-5b231b0c19aa,steampunk
80b50723-1fc3-4ebe-9a21-a175a9b2ac11,UNK
dd6eb225-6df8-4b00-8968-0ff89152032d,realistic
f0ad5c68-9b01-483f-b756-433ca2ac4288,steampunk
1df7f982-00b3-44d8-88f4-d78a72b305af,Ink scenery
aaa1c3b8-2440-44d7-8c0d-106ccc752e57,oil painting
cc4d3abc-bd03-453c-ad4d-e20179a82630,pixel
2812b841-ff69-4db8-9a27-e99eaeabf4c2,water color
da965577-d721-4aaf-8585-7d38f1dd4bbd,cyberpunk
23eb3a32-1022-4de0-af2a-adb83843f47a,Ink scenery
19936b08-a9cd-44d9-a54e-dc58b7e125f6,pixel
0604069b-0fd8-47af-8be4-dfa4110fd6fd,cyberpunk
a5e55c18-a06b-4d0a-8895-f09baeb05f97,pixel
b8b32e86-6f44-45d0-8490-a9c484be3d6f,comic
e3a3dea5-7a5a-4f96-8c9f-1640913a28e9,UNK
3744f182-80cf-4bc3-9624-f4968f59cd02,water color
9fd67b30-39c2-42d4-a23d-92195d94d44d,futuristic UI
78ce4e5c-2ba0-4264-b645-d9a499b06dd6,comic
29a51c25-951e-4554-af23-183eaade0fd1,comic
7170acd8-7695-4be9-9b42-0ff23e959a93,futuristic UI
6d4b9944-668d-4187-bce8-78236ce98515,Ink scenery
ec7d5c30-74c7-4175-8545-b3c9e11da3b1,realistic
fc90a2b8-17d3-4e88-a659-a0c16f358a83,water color
b1228b6b-1144-4a50-934d-e4ceeb4da4f1,cyberpunk
b19fde3a-757b-40a9-b1ba-ca2f76add8fe,Ink scenery
6712cb9e-119d-4072-897b-b8f50561aef4,Ink scenery
b3fd9e92-1031-40cd-9f23-b93f64e51df4,lowpoly
e3f25204-c858-40e7-bb04-78014cf50fcb,water color
26f2ddde-9c3f-4a7c-9771-2a2ca1838452,water color
7df4aa07-2877-4168-a33f-961ce9465602,steampunk
7a2f1e5d-9dcb-488a-a868-77a113f936d1,steampunk
9c09bdb2-bfe0-4483-9b89-8fb5eddca02a,realistic
fdf478e5-1453-418a-87ac-a7c0855cde95,water color
b93d309f-36ed-485a-8f80-e7eed5ee4841,realistic
f61b0434-ca55-487c-aa2b-fc01f8f5f8ab,realistic
35d777a9-a26c-466d-978c-db7c1755727e,futuristic UI
f5ba8eb1-1117-4f5a-b920-453a2dd512e1,pixel
d44b88f4-59c7-4db0-9396-6311af9c1602,Ink scenery
ad3d82a7-648d-4d82-9fac-22fa48059482,water color
5ae6b0c9-5fa2-4c6b-9cd8-7a2657e9594d,realistic
fb620bbc-dce2-4740-b9d5-04840b7b7c1f,cyberpunk
8ea89d40-a762-4209-a948-f9360799a1d0,steampunk
5a10bc68-e154-4e0c-a9c6-a52a86202668,water color
94683f36-5320-4446-b272-af8eb83154b1,lowpoly
4567e08a-c3c6-467b-9ba0-83dbe5719b91,oil painting
56052df5-1c87-416a-a986-0b10dc11c06b,steampunk
5f757235-76c4-442d-aa53-fdd9f858f57c,oil painting
d324c2e5-4366-49e7-af89-8aa956d3fc7b,pixel
df7f9a5b-89bc-420c-86d6-53116f6b5b40,UNK
ca7b4c88-8750-4c1a-93d6-c7d510f034af,oil painting
18b97d6f-e336-49fd-ba52-388dc3e93292,cyberpunk
e9e530d0-5e5c-466b-aa77-a62e76eea67b,oil painting
81c7fe5d-6459-40cb-b8bc-76baa041b761,Ink scenery
da21cc13-a64d-4bd2-a0fe-79195c5eadb2,pixel
d122a761-ee09-4712-a1db-6efc7371005b,realistic
663407e2-881d-4da9-a8d6-111545f2c735,pixel
7079bbba-e8ad-4cd4-953c-3e55331c684f,steampunk
6893da76-832f-4184-8124-4014ae0b8346,pixel
1d09ba78-62b1-414e-9812-2736fac20659,comic
d5889368-e59b-4022-9c8f-169842afb981,water color
62fbc147-9351-4de5-ae6d-5cbe84e0b54c,cyberpunk
39bcfd84-0367-4257-a40b-3217a8eb4fdc,realistic
6f42a90d-bbc1-4afd-910c-3dc9da84f980,comic
1f9c94da-ed8d-4a4b-ba3e-abf2e72e8d16,realistic
07e9a670-9edf-47b9-afc7-1cf6ae9258d2,comic
f5b6b2a9-3e39-451a-920d-016f4c4da9b4,pixel
4f0ff6c6-8428-45bb-8af9-4fc1f9687803,comic
7ae1b67c-8cb2-43e9-ba58-3efe60bd89b0,futuristic UI
3568fe95-2c0f-478f-aab7-2f2f4a60dfd0,Ink scenery
6246c29f-e943-4554-8e52-134aac39ca65,pixel
f9a99761-73a9-4cf5-a525-7b95e0384e73,Ink scenery
e8b01a30-62ce-41f6-b38a-c524fd8a56a4,futuristic UI
0be5b260-c4f8-4053-9d03-cec2710a11b3,cyberpunk
386cc980-cd42-4db5-8dc8-b5ec28db7bdb,cyberpunk
bb73ef94-85b2-44dd-b18c-38b66a87c04a,comic
8cf28a0c-f77e-4467-a4c0-e71702e1530c,Ink scenery
ec7ff850-f696-497c-ac45-646aede673dc,Ink scenery
784a418d-aca6-4b79-be07-a606b513de15,pixel
ea71b273-333b-4e47-b80d-e182094af5ec,lowpoly
a4eea373-8156-41ab-a7e5-264c2a874541,oil painting
98df259f-7c8b-49b5-aff4-293b1493af85,cyberpunk
dcd853a1-431a-4925-b435-407e2ec350d6,pixel
34290d27-6079-4b75-baf4-99b787724a68,Ink scenery
e26dd934-fd9b-4766-9b72-035bb9d67ccd,water color
85bd7312-4115-4a2e-a56e-8a1e5fd6625b,comic
27f487c8-3877-4a8d-9c36-e5975a31a132,water color
ba522367-abfd-4729-a038-f2934d98fa72,futuristic UI
34a18837-f8ac-4468-aab3-06b47882be39,comic
cae2ea0e-0f32-44c5-9dc2-a401835e8eb4,water color
2fee6606-659c-4ac5-b90f-082ba411b734,Ink scenery
1945a8a1-bcf7-43cf-bbe9-e4a63b28fd23,pixel
51ccc7e6-e9f5-43ed-a008-89b2ebfd7ac7,futuristic UI
57a8a5d8-e8a1-494f-8aa3-15e78d525fd4,Ink scenery
2c612b61-5718-4c81-93a2-71e25a1ebc34,water color
3d122ad5-8597-4b7e-a4eb-0cf70dd76c3f,futuristic UI
139c0bbb-3e2e-4534-9a42-a44041ba6c3c,water color
b4daa383-adaf-4371-ab18-a6e733a1d665,lowpoly
b285e3bc-4e7e-4798-b778-4bdfcf51f8e4,oil painting
8e02da7c-ceed-4be9-bc24-4cc6df9ee179,Ink scenery
ae2d5b25-b7e7-4d94-9453-64367e7761e1,oil painting
afb21162-eca5-457c-8756-2f62d2ebbf6e,oil painting
39e003a1-5b4f-4a2c-938a-736b474d8817,realistic
e4e466fb-df71-4801-8eba-fa8eecec347e,pixel
addb2454-c207-46f4-8e53-c253847f3ed1,steampunk
87cb27a2-f27a-4e38-9f32-d68e81f25642,lowpoly
7556a0b3-cf80-48a5-9b03-30894ff7bd06,pixel
b56ab258-dfdc-4e4e-b674-a5fc2723511a,steampunk
ba01de99-a335-4e1e-a552-1aaf7abcc82b,steampunk
71f74a5c-04d2-4de1-a811-837b1f63af27,steampunk
ab825482-82c5-4e21-8bfc-344218aa5e92,lowpoly
efc39dda-7559-4928-804f-b41eb797fec2,oil painting
5332b071-198d-496b-ba25-776f0b226c23,realistic
77e2f9ee-508b-4f89-a0f2-d3e8d31440dd,water color
51b53f3c-a04b-4d5d-ae92-621eae6d0a15,Ink scenery
2895e9ba-6136-4dd1-8dc2-4d617c92379f,lowpoly
08427a4d-faa5-459a-a6e4-080d8430570e,Ink scenery
c3df0bc8-cbaf-4e6c-af6c-a49f8bbc168a,lowpoly
9325c131-7430-4351-b7a8-2ab0a8e9d20c,futuristic UI
a78d9698-b4bc-42b2-bb1e-731e76a5e259,lowpoly
bf6864b7-7752-48a5-9322-320deddb445b,comic
2b57275e-16ed-420f-803a-8340c4e72915,Ink scenery
c89b911f-80f1-4035-b4da-8d8930815005,pixel
bee8213e-af3e-47fe-a3c8-26dc309a98b2,futuristic UI
ed78fda2-0b15-47bf-8e6d-b44241251ca8,lowpoly
d40cc3e4-8f75-4faf-97cd-aa34be79da10,pixel
6e1b2864-f341-43a7-aa00-0329c53c6ab4,pixel
eb205943-3be5-41a1-8b85-6c7a1e873b33,pixel
d5e37aea-95e6-4253-ac89-ddcde0ebabb5,UNK
87e08681-79c7-4b34-8da3-7c868b3dc968,cyberpunk
03db9d50-ab7e-483d-b735-5cdd60ad2158,UNK
ed8b4801-fcde-4eb0-a543-e5db0ea698fa,UNK
a19b88e9-244c-4dea-9a79-fd4f2ef35030,lowpoly
8eef3965-69ab-42ff-af85-83ac903df185,Ink scenery
e22a29f6-0474-4db2-8797-f0254506958a,lowpoly
749947af-5685-4219-a670-1cad33598067,UNK
6d2c173b-ccf8-409d-bbb2-bf1d1a5b3829,comic
22737a19-e8c8-4747-bec9-bce7fe962bc3,water color
a61c7849-62d2-4b58-878e-ec207348e9e0,cyberpunk
b7c991c1-58c4-4846-8462-1a47f86d8de1,oil painting
add30775-f82d-4f28-a47a-b2238e3b8b03,UNK
c91b7451-f0ea-48bd-8ae0-f46c510469de,lowpoly
cfe09b93-c360-4c0d-8dbd-6a5a897b5d3f,oil painting
0cd19690-9463-4c4e-a412-f5bb06abbe9d,UNK
dabf41d4-41ba-423e-9ad6-1b1c095b8608,oil painting
57fe2c23-be99-489c-acf3-0e33152dfc31,pixel
907d9e41-fc04-4faf-a068-5946fd87bbba,cyberpunk
bc403e13-dc59-4706-8270-7079d9668aea,pixel
514cb975-ef7a-4c91-8654-5d0c6692b144,pixel
4127a374-4c4e-4941-ae95-17ec9f16c6a3,futuristic UI
c6001df8-bc6c-4e24-9e6f-f3c39fb66c29,pixel
8e6d698d-8a36-408e-9bbb-f35ee88d30b1,pixel
c2d844c5-3115-447e-92d7-34a53c7db07c,steampunk
e31a333f-1e5d-4275-b36b-d0ed0c4b29d1,Ink scenery
279b0b49-93eb-4411-9d33-c94e3a42dd23,futuristic UI
ecc85bad-08ee-4c4e-b4ff-b4dad6c6b48c,pixel
2173559a-b531-4577-ad84-8153b199875a,pixel
835bd7cc-27d6-473b-b48d-b9510295a4ed,futuristic UI
2bc41725-90b4-4cf2-8e5d-45c5cab1c0e6,realistic
3019a172-5b15-437f-ab9d-e704e7bde3d0,comic
95c8b741-520c-4383-882f-9f8f6759960d,UNK
a5fa8332-3c95-4e84-aea3-f53a91db6bfd,cyberpunk
65ba3220-9fe2-407d-96fb-2d1ce6d84856,pixel
5c10c067-ee74-4b31-9513-a6b350cb37ac,cyberpunk
59e685e6-ee45-4b7a-b449-e3cfcccf1b22,comic
7143d7c9-b56a-48d3-b029-fc9814f93dae,cyberpunk
56b7c652-99a3-4eff-9f4e-d37d2cf67266,comic
40358c8a-45f2-487a-84bb-7cbecedbfc6c,water color
df84e7c3-7003-4d7f-a384-acc136a9b176,lowpoly
5a7fe8cc-0fb9-4739-b7da-3f2294a5de0c,futuristic UI
66887a0a-3972-4b4c-8341-493dfd1d77fe,oil painting
1baedb60-da3f-4ae2-a0e6-c1ffc7f8b064,cyberpunk
c40c64fd-5080-42cb-acb8-bfdec161954e,steampunk
da375b97-d0bc-42b8-aa48-223cfdeb431e,Ink scenery
a44d0624-9b97-4bda-8130-abf0b21d0eb1,steampunk
7bc684d1-777b-4c17-a5e7-fe891dc40a89,water color
d8576a67-34da-4ddf-826a-f7667cdbc59e,realistic
ef775fc3-2062-448a-ba4f-b7a27294460b,steampunk
0aa1ee17-255f-4640-9686-d565add0423c,water color
9a6249a8-e3db-43ea-af82-bc9c57a76ffb,water color
d6d9fcfe-2544-4cdd-a488-4aeb20194d9b,realistic
165a603a-c4b0-42a6-842d-8f59050086f8,comic
3c26b5bc-f368-495c-ae19-f00677a130ab,futuristic UI
b275275b-ed57-45ad-a031-9182b665c291,lowpoly
13f449b1-873b-49ab-986c-262e99d6c8ab,cyberpunk
385902b7-99c2-404c-a5d9-cf99a8d11c0a,water color
5b5d5a9e-5506-4053-a9a7-fd92a3ebe84c,Ink scenery
ac0a306b-4663-4d67-bed6-d749f0ae622d,steampunk
97ed8412-0bd5-4197-8004-280951099341,futuristic UI
a9ede833-6c94-400b-a8ab-a79d87114d37,futuristic UI
51df1606-2d27-440c-8a8c-13daf95d0b1d,oil painting
b0c10749-02c1-478b-a206-d7278e5578c4,realistic
26f741f9-9481-4ed8-9d8a-850427f985e2,oil painting
abfb6c36-f140-4438-8558-59e1e0ffd187,futuristic UI
416cf250-a0d5-4f77-a6a9-e317ffe82143,water color
aa4183f7-0a1e-487e-beef-72949cfec9fe,comic
bf408452-d320-414c-8bbc-d22f937403d9,Ink scenery
1ece2c7f-dd40-45f5-b6e6-3c2860f8638f,cyberpunk
6204b9ce-4ea4-447e-a2f9-c6ada1a3d401,UNK
d0c32b35-544f-4fe8-8364-6f6d681df2ed,oil painting
597c47ad-6590-4c5b-aec7-78146a381314,lowpoly
418acbd3-615b-4af9-96b1-bd5fb8eb8f62,cyberpunk
430c809f-561b-4a7d-ac0d-b034e28194e8,oil painting
2e8fda18-2e24-4ee7-bbd8-6aefeb23c9e0,water color
e5358e12-ee16-4fc4-b9e5-0e3e7952a17b,oil painting
aa7a8b73-dc4b-4f2f-abe2-04edda3f29ff,cyberpunk
7915bb3e-9f62-4b9a-b06e-1b334a01daa0,oil painting
8c64725a-68bd-42a2-afbe-c241f2254220,comic
3b31439f-916e-4bdc-9dbf-2543a92068f3,steampunk
d4122fe0-31f7-43a6-9908-2c226366e8a1,Ink scenery
c212fd8b-10e3-43bf-8b24-decaac156356,lowpoly
9f6945b0-0545-484f-b509-a669aa042a52,comic
d287b84b-8eb3-4ad8-91e4-615943bb9cde,water color
a09ba652-7403-42d8-94e1-f1291086e2f8,comic
7dd0ab43-ef62-4050-a2da-c71718815a87,comic
68b3a397-07e3-4ee6-aafd-cf13de594c51,water color
b77ebe5e-90e0-4d13-a497-29f149027f71,lowpoly
5b5a5dbd-383e-4a57-8738-41db119db9ef,futuristic UI
58fd461e-9811-4e00-b634-626adbd619e6,realistic
7911235d-7e26-4a71-9ee8-3bf78edc5fd0,cyberpunk
faab1bcf-32df-47d0-ba2d-8040f2c115c6,comic
b5a5a544-965f-431f-8b9e-bf15e0b7a23d,realistic
4b49cae3-95c3-4e02-87a6-41515d888e9b,futuristic UI
8b3fc119-ae2b-4405-811c-9c553b61ec2a,Ink scenery
1902c706-a1ba-459b-b893-4c981348442e,water color
30dd373e-38f2-4c44-b314-7bbd7b82e188,cyberpunk
ac14028e-efbe-4f81-b39e-68fa0a636d1e,steampunk
1aeeacf8-3b97-4d23-b767-d36b6e90e3cc,realistic
b2cd2cb0-5d7f-4a7e-bbd8-31fd2bae551e,cyberpunk
41d78f8b-3b68-4763-a3cc-92c6f8135daf,lowpoly
1fe4f969-a81d-4dc2-b96a-7cb9c999f9f8,steampunk
fc5117f6-9f9f-4a88-8c04-5cb7ed6eb75b,comic
ed0ab575-554b-4d83-8e9b-7d13cb9cb8b9,cyberpunk
27c3083e-2e8c-4789-8d9f-42ac301aeb0d,oil painting
a27fe226-fe5e-4203-82b3-41262da2f874,steampunk
4f18a850-e2c1-43cc-96a2-18595967f67a,pixel
be9c952d-ecf3-4a8e-87d2-7547a5e304f5,realistic
f165b5cb-c8cf-4f8a-ad7f-490e02679dd5,water color
8a397070-0ff8-479f-9c85-912eb08f117f,cyberpunk
988702b0-6365-4990-bd3d-d1c804df7c4b,Ink scenery
bd5e4343-3dde-458c-8ffc-f94f0943ab21,UNK
83752acd-cab5-4ab2-996a-f777a66d1a16,Ink scenery
82904357-9a5e-4963-9726-2f26f0306832,steampunk
73c284d0-f2f9-46aa-abfd-04d770ac607c,Ink scenery
dbe6e1cc-84d4-4cba-a8e6-5c84d70d4603,comic
12626cb8-ecfe-4dff-b781-7df1e67752f6,futuristic UI
b364f7ca-3426-40a9-b455-cdf08d3cb066,oil painting
16c6f450-463b-411f-8007-6c250eff354a,water color
e4906575-d7cf-40b3-91fd-0aa2cbbc31e3,Ink scenery
bbd8be1d-a262-4d0a-aadf-d2d1909701e6,steampunk
e5a05e44-8389-474f-b5da-bc95a8128339,futuristic UI
181e5ef0-6b9b-4099-b7ca-99858dc49f1f,realistic
a8282fe0-ea1b-4123-b349-03ef5423498c,realistic
c9c5821d-5c09-4973-93fb-684f314fb685,realistic
dcd0b3fa-11cf-490a-aad1-6a30bbd36d87,lowpoly
0fe66143-0770-48be-a2ba-b2246850c756,realistic
255b0616-c1c6-47dd-b02d-4dae35e284f5,Ink scenery
8bb175db-631e-40d3-998d-a19a871a0536,water color
4b955668-7923-4403-8161-81796c38b40d,cyberpunk
1074b768-8a1c-4067-b89f-a3997c01de80,comic
1764f2dc-0a99-48d4-b025-742e34a442d5,Ink scenery
cb00484f-3fdb-4f49-990c-2e9bcdd279c0,Ink scenery
7a7e95d9-1600-4c64-a55f-958c4b346618,pixel
600f326e-3b5f-49b7-8a05-d2d82f84f4c3,cyberpunk
d29108c8-5ba7-4f24-8760-33f04b920899,Ink scenery
c4cff8de-bf72-4bd1-8c2a-2a70dced9a85,water color
0bffd55a-e4fc-4201-889c-38f90cd6eb1f,realistic
1ca3ad38-d905-4114-9ef9-176dd6d6aba0,steampunk
3acb8962-b543-4c6a-b441-2cc7557ee0ec,pixel
457d455e-6812-4f66-a01b-60b06eb2d53c,water color
6cb72cfe-cea5-4129-89d7-bbafe3dfd2ac,UNK
a275d0cf-ec51-4e38-8b01-a8423856e0f3,pixel
acdb894f-a747-45f8-a7c9-a3565d1e27c5,lowpoly
4bcd343a-41cc-4cea-b131-2b786a6633ed,lowpoly
619db0d9-fd6b-4f7c-8d95-d503b7e794ec,oil painting
2e5be105-d319-46e6-928f-bcdd037c98a2,comic
70205354-b14a-42cb-8210-9b50429e907c,water color
a3367454-5048-4cbe-a53b-7d5379ddd7eb,realistic
d3bbf01f-f362-42a0-942b-a54f835f3525,steampunk
679126e0-97f1-4165-9663-ea3947a94f27,oil painting
1a14d46e-a8c0-408c-81b9-027b8200bea2,steampunk
074ef928-e1a7-4742-870d-886862a89cc5,realistic
4f1cf7e6-a568-4f6d-b7a0-f1cf0cd7846a,water color
c2ad4265-7061-492e-bc5a-3550ab3da44c,UNK
63b55b73-a5cd-40fe-bd86-15248dd5df81,pixel
c2fd7421-bb7d-43a9-b4c0-790e6a7ec0fd,lowpoly
f170f74a-bbf2-405e-b08f-a4f2907ce9eb,lowpoly
01f67d4d-4ad4-468c-9260-1bccda478d65,UNK
8c2520d6-db0f-4ce3-954d-08ae41f1e0dc,cyberpunk
627866dc-56a9-43df-83b7-fda67e9d1c35,UNK
be1441c9-0980-4fc9-a237-f7340716125c,realistic
0d79ecf4-d4cc-4792-92e7-52b4a339eb4c,futuristic UI
2c1becf1-8985-48e0-8806-48c38ecb1871,oil painting
0ca2cf56-3b04-40f8-85b8-e08a4b40e7f4,steampunk
3076b78c-2197-41f4-97c9-15b05c9838d8,oil painting
ac08bd41-6161-4e93-9451-f66f7309723b,oil painting
ae92fcf6-1f98-4ae8-a843-5b65fca72efa,Ink scenery
ae6c9b15-1a3f-4579-a1a2-b47473965ffb,steampunk
4190d29d-cf40-413b-afb1-fcf38136c82e,UNK
1d980bf6-36ca-43bd-b214-5d68abcde5f4,realistic
545b557a-1c2a-4efd-9208-fa8a7c3b226c,futuristic UI
5f295b8e-2e33-4cf8-8368-025d31ae0846,steampunk
b4f9dfb7-e4ef-403e-85d2-9b0071a84048,realistic
44048fc9-9339-42b8-9613-82143180e5c2,comic
7dc9acfa-e1d5-44ad-a887-1c50155e44c8,UNK
294f1642-9892-4dd0-9c1f-be7c0b197be6,futuristic UI
f56fa05f-f697-40bd-b36f-7bb710fffb62,lowpoly
15c43e5b-762e-4d6c-b1d8-aaf95dc17a80,UNK
11bc52f7-1462-46f8-8875-82078f18fe86,comic
d5394168-abf9-465d-8688-f7edb09ed97a,cyberpunk
1504d145-466c-4067-9853-667b14afe1c9,pixel
fa847048-5bf9-4238-9c7b-aa8fd8c133ae,pixel
3aef8822-1f97-49a7-8e51-efc62cf9dfc6,steampunk
f1116da7-844b-4c9a-8dc6-3000fd50ec07,oil painting
b27715df-7c7d-4694-9c98-f6a0db8399e7,cyberpunk
488b6cdf-a888-400f-9f5c-08be4558c3d8,UNK
304fff5d-521b-466c-aa0c-379b9fb8b127,pixel
8b23126f-c8d6-496a-8ad2-7927e24cdc93,realistic
82b18358-8545-4078-94f8-2bacf066cb4b,steampunk
dff46758-30e4-4380-9976-3250272eac76,cyberpunk
d1567fac-a24b-482b-bdba-7a05f7c01fed,comic
cea8d1f9-66b1-4d7b-8567-f14ff6d87d2c,lowpoly
0ee13742-a0cf-48b4-823b-f9e863c6f90b,water color
16358a6e-0f17-4f4b-8de5-485eb47ef04c,water color
887bd960-f922-4198-b0eb-d2cf2372606d,steampunk
96503909-9fea-44f3-9528-d3b84f3c1f01,realistic
579ee965-d778-45f0-a0d7-ddea3143a45b,realistic
2530b293-3a83-455f-acd4-d5d85ef543d2,realistic
4d5cd009-c4f9-4c7a-a5b7-92d8d3f3e4e4,pixel
34ab53c8-ab39-4f3d-a89f-861ab9c2e44d,water color
32b434fb-b592-4bf3-8c86-a2cc5c27b3cc,pixel
4625cb01-f78e-4657-bb21-1ce3b1cbbca5,steampunk
f66bfdb5-4d0f-4058-bcc4-9a897a132db7,realistic
a5d4503f-cb7a-402a-a937-ac67373ae1a2,water color
79e3c45b-e3ed-411a-b86b-469cadea66f2,Ink scenery
8462008b-425b-4129-b204-0541c026bdf5,realistic
99a2f16d-57b4-4320-b195-75d0da2eed33,comic
e7a8f494-9d64-47d2-bb36-eba2c111c27a,oil painting
adfaa22a-1246-49c6-968e-9298935046bd,realistic
1b8c6e39-5019-4be1-949e-73633c194d57,futuristic UI
d3a5a703-2b48-49ab-bf06-ae4c3b62d9da,Ink scenery
bf819c03-158a-4137-b083-6c13e1e22584,steampunk
3822e1fc-bb4a-4e39-ad82-63348cec2bba,oil painting
145fa885-204b-46b6-9eee-bab14f22bd83,oil painting
981bf6d4-05b2-444b-94be-9b75373bf7ac,cyberpunk
796521b5-aaf0-46ac-9a32-1976ee7e357d,lowpoly
af06d771-0eb4-4890-aa62-2f6573a4bb5b,UNK
346252f4-b7f7-47ef-b4bc-5d3a22c02161,realistic
8319512c-d0bc-494b-bf2a-124a4f013964,futuristic UI
6e54b1e1-1c9b-4fa7-84e4-24f2a2fe767e,cyberpunk
12b2e2a5-1579-4f88-85f3-a4c63e5b4fce,realistic
da0295b1-7e53-4752-aec6-6837e1f33b65,water color
6c054f3c-fc24-49ba-aba6-afb54acef27f,oil painting
ac3a6d0a-03af-4af5-9228-0994edc130a7,futuristic UI
470fb773-9a40-4595-bf8a-3f7e51115b2f,pixel
b8b7d33a-a457-4404-aef6-78141351fb31,comic
14fe8320-dc92-4cf4-a62a-e73a8d493f63,futuristic UI
777b27d8-1e66-49b7-b78e-ce0634381362,futuristic UI
cf936b48-2588-460d-bfff-65c3d33fefa9,comic
22065898-9f09-4e15-8444-502be925b5c4,Ink scenery
3668a09a-d563-4ac0-805c-19c8ef0dddf5,lowpoly
cf7ccfb2-4ae0-43fc-a257-f805aebfe4fb,lowpoly
037855f6-2bfe-4496-bdca-6740b45798cf,lowpoly
aff6a66b-ea87-4860-baf5-849530fe7e3b,oil painting
d00b3be8-32b4-4ea4-af89-1bd8ecf1b0c7,pixel
c2205c71-1a7f-46d2-abc1-54fa0799d70e,cyberpunk
cf8d3130-7887-433a-ba83-570d3bb7f0b4,lowpoly
79e1d889-fcb7-4995-9cd7-7644da2075a1,UNK
e637842c-5f5c-4a6e-9c8e-441c19e0c12f,realistic
c8a8eef1-37ab-40b5-ab50-200985bd9cb5,oil painting
306077ba-881f-4be4-82d6-bd364fe27853,realistic
c89f0c0f-19f4-4f51-98df-1cd6dbd9a13e,water color
94fb7083-28e9-418d-a1ef-de260e6b4f3d,water color
a40b9a2b-fd99-404b-bb15-b0d1fdd4c6ba,pixel
b365861a-5b5b-438a-aeb0-a1454a84822a,futuristic UI
d1f9ae4d-fb28-42bd-997c-e93e262b26c8,realistic
96f048ec-17ad-4dcb-abba-adaafba9c34d,comic
69b4aafc-bd18-4907-b05a-f0dbf70ee1a2,Ink scenery
8aae16ef-b01f-4fc7-a782-3edc748b4f93,pixel
1d9cf5e2-0e0d-4e3d-98ab-096caf344b12,UNK
fb179448-69dd-420b-a351-238fa80c717b,futuristic UI
e7b0db76-accb-4898-964a-6bb2d7f3cbee,cyberpunk
0e4f91d1-a52e-4805-8804-c8ac61b3bcba,water color
95d3335a-766d-4ba4-8d68-2a1dd5788960,realistic
c995f8d7-32b2-4338-9535-941f600f2b8d,realistic
279c8b43-4f29-4f6e-9fae-3a16f72fb3b5,realistic
38411fab-3b22-4fcb-bcac-b1d0a8fcca12,oil painting
7b82f06f-f731-4c3c-bbe1-5f511cbb774b,water color
d3a443dc-ebd6-4a75-a92a-54d1a66b53c1,oil painting
ce95e73d-b34f-43f9-b12b-623d4d456964,comic
ac9fe0eb-b042-435e-b6b5-4545c5c7941d,lowpoly
05b36351-55ec-4aa4-8d89-78165c88cc0c,water color
66086392-cc34-479e-bd7f-52b71ecdaf43,comic
e91645ab-a1de-4b74-a634-d1ce0c11417a,UNK
80fe72d6-1a4d-45c0-a0b5-e2c18f726edf,pixel
01041812-e821-4e53-bec3-55e72c8d9dc1,futuristic UI
06615e29-fc34-4351-a7d5-0c3bca252f7a,steampunk
837cee11-afda-4a36-bf52-69a25ad7b4b8,realistic
f7faad1e-1f2c-4ea2-8412-06c5ecccf647,cyberpunk
48f63321-0836-4419-9da3-d307dd0e3975,water color
d7d407f5-fcf3-4adc-927e-44a84eacf812,Ink scenery
a27ebe5c-aa24-4dd5-a247-aff6c38133c3,oil painting
c4cb88db-1457-40cf-8ffc-0eb0f1f0db68,cyberpunk
95561f4a-9d9f-4d7a-ba2b-2dddfba0bca6,UNK
77b52900-496c-4b68-98b1-d69cfadd8671,steampunk
0cfc5c79-cb0a-4dc1-a491-9ff011b326e4,water color
ae2ad66e-7e8a-4b27-8431-e1ccd8053fc4,UNK
317eaf30-4e49-42f7-80b5-6657465ed60b,realistic
70a12b22-1e39-4cb7-b47c-e821f30d01a3,Ink scenery
fbc6c5a2-6bda-422e-ac32-c4bd9420a091,pixel
810007d8-caa4-478a-b357-776c445018f9,water color
9d573f85-b065-4bde-91a0-cb8db713b9bc,pixel
06086424-4bf2-4693-a2dd-3450277aa293,comic
f4b15f45-2daa-4b7f-b193-ee05d1b2a891,comic
c329e24b-0455-4c53-bda8-6c3cd0c481d2,lowpoly
8ce4fcdf-fe6f-47e1-be79-5dd2fe510af2,pixel
5f73056f-3688-44dd-b105-5ecd2d777791,comic
a228ffac-751b-4c03-af1f-9c2bfa782307,comic
973c14d3-f98a-477e-99de-a389c6e01463,steampunk
3063c7c1-d2f8-4abb-8070-03c0988ffe0b,Ink scenery
809d22c0-9485-4350-ba2c-77100aadfc06,comic
36694054-26b9-47dc-bd78-5cd54cc8dd7c,realistic
9b7cb62f-e22e-4b25-b090-0e8c42b9e5ef,steampunk
f5486f11-2c5e-454c-abff-5e92fa5fb298,oil painting
50bf3c52-c9c0-4a31-a0e0-974cf3fdaa02,water color
1ef4325d-a20e-4930-8f20-4169460269aa,UNK
de35110e-042a-4b9a-81ca-b0356e34d3fd,cyberpunk
621e94bf-05bb-430f-847f-960e9a737658,Ink scenery
cb305d01-c78c-4d80-a5e4-ce3582c74225,steampunk
0fc0adc7-3f95-41f2-8e97-88ca2ca4145c,Ink scenery
3583ef6a-faf9-4ae1-81fc-5fd09e20495d,lowpoly
91f31682-76a5-47e4-bfe0-605fa055c085,realistic
3e9e83a7-0a46-443e-aaf1-823f9dcc6012,comic
6df5d862-ce7d-4ca9-90bf-348aedb0017f,Ink scenery
c07597dc-efaf-4603-9da4-d2ec3459ca05,water color
c35d0bf1-4ca9-4141-b875-35b623b5ccad,realistic
6d599741-ed24-4ca9-bce0-2a4b9bb63995,lowpoly
95778f61-bc93-485a-b4e5-430daa5fce22,realistic
6e418747-8e6d-4f2a-bdc9-1362df7175d2,realistic
5383cd32-c97c-4525-bd60-ede741fd33d4,UNK
19457c3e-8987-4a55-8942-734a3979f8e2,realistic
e2f659e2-d252-4119-a87f-4223e06da06f,water color
0ba36d19-a2a0-4a75-842e-accadb8a47a4,realistic
69bbe492-4d31-430a-b443-eb8bf4e545c8,UNK
5c46218a-f186-4647-9133-2232e6ce9107,cyberpunk
79d08ca7-a4f4-4784-94b5-b67a6f5cb248,steampunk
0aea9570-1e04-43d3-8d59-c6b442f8516d,water color
58d03472-1ad2-4945-90aa-41a451a9e9c0,oil painting
7e381e36-aaed-488b-b78f-98a1bb56a7f6,comic
e032972a-2fa7-4e96-97ca-c15f5f8ee097,steampunk
df6531c4-d6a1-44a5-b8bf-185bb3b27b85,lowpoly
628e25f5-7383-45e6-b49c-7136078eee0c,UNK
a366fc4a-4fe4-42f4-b5a7-20fe5b54a91b,water color
e01dad2b-b5a8-4b31-8f2e-b23fff1be9f2,water color
c773c36f-4b06-4470-b371-eb3839e8c9c6,steampunk
0271c9e9-1043-4708-abae-6628c5d304b2,oil painting
06247bb5-33e5-4c3b-9ca1-e8e9118fde54,water color
15bb0411-e29a-4d07-9d2d-f5c37d4f47b7,pixel
6715d2eb-40e6-4353-91b0-07844bbc4f12,pixel
3c7b6f68-2a74-46db-861f-18090f0ddfbf,cyberpunk
9bf46330-e808-40ec-a5ee-ce20edcdab47,lowpoly
269d9978-d436-4136-919a-04957af0c848,Ink scenery
b12b6774-3bf4-4b25-824c-a23023fa686a,comic
ea5012a0-2c8b-4caa-9ad7-de088c093611,lowpoly
83bfe37a-34ef-43bd-a983-4896bfde760d,steampunk
ad3f7d2c-bbe1-4bd2-84a7-7678e1ea6bd0,lowpoly
e7f3ad71-3c72-47a9-97a6-2ef1fc991273,cyberpunk
ad041b34-bb81-4315-a484-8372e158daf0,UNK
2074caec-7b28-4883-b967-06cabe84b4f3,UNK
24c2e29b-c597-4da8-a18a-f561d03c68fa,water color
832a83b6-cb7d-4426-a2bc-369171670ed2,cyberpunk
56210d4b-1a95-4d97-82b1-da5d2a3752f0,comic
831f96da-6d91-40fa-98a7-144cbf0099f6,oil painting
08cb6b7a-6e1f-4c0c-88dd-2ab95967a8c2,oil painting
e67f6879-3d74-4b22-909e-6eda1eb67784,pixel
b584407a-b1f0-49e0-a114-f3b9afe989e6,oil painting
a3f1fdf6-08c2-4fed-9ca9-25a32db723af,futuristic UI
5566cb4a-be25-404c-b289-141a2e1c24d3,lowpoly
ea82b303-1902-453a-9024-ec679f27fb83,cyberpunk
3ae39db4-1d50-425b-8002-e4471e4e9792,UNK
3c465ee6-667e-432d-9846-2fde78f45717,realistic
1c66db2d-014f-48f0-80a5-043dfc3e1ec5,pixel
7ec96b79-4753-4db5-813c-b4d716732739,pixel
543322f3-e2fb-41dd-aa75-7693df57c511,lowpoly
5012bd68-7b8a-47e6-aa9b-bba510752c36,futuristic UI
b3f04c11-8b8f-4452-a5e4-eb659e832898,water color
204ec43f-a084-4685-84c5-58f593c2d543,UNK
b3b239c3-b770-4845-b7a7-4b04919ad705,realistic
e97efaed-56af-46c5-81d0-e8dbc492f8f0,futuristic UI
7251b7da-2abc-4dab-a43c-dbe244942a07,lowpoly
91f84cef-85ed-4ac6-9e3e-54ae28f79b9d,comic
616a4020-0e2b-45a4-999b-bcefc78a2cb8,steampunk
3b29a634-d779-463b-8bb9-415d6586ce00,UNK
9120cea6-3f77-47e5-9873-b11f2d3be02b,realistic
941cb6c6-c97c-4ec6-949f-28b6ae559595,pixel
d295f0b7-2566-41d8-8e65-4396592e51f6,Ink scenery
4352e266-0248-4524-a1ee-5db778e7e9ce,cyberpunk
e6c27d91-bba8-4319-889c-305db95894d2,water color
f6ea264d-0507-4a4a-8cdc-0a014f24af47,steampunk
51a3f3db-f7d0-40df-b8f4-598c198c464c,lowpoly
761d0d12-fb1f-466d-afa7-0ab4b26c91bb,Ink scenery
679fd283-a617-4295-9e47-fcbd4bf18fe1,steampunk
66483fb8-137a-402d-b522-88d1bec7de72,pixel
ab286f68-251b-4f74-b065-05e6227548bb,realistic
a5731584-f668-41dd-b485-85c988d714c3,cyberpunk
32b10c85-052c-40a3-bb74-d8119c402ade,pixel
2d180261-1962-4570-a7f7-871c0d012e75,lowpoly
e72cfaa3-f382-4aab-b013-893d657c91e6,water color
bc3c8040-a77e-485c-9198-94a70e29bb37,realistic
f6575b58-a598-4116-b72f-120ae7ab5188,comic
f29de049-36cb-493d-adfa-be1f7e2c4bda,oil painting
891d531e-6d9b-4087-ac5d-f3281a5e108b,water color
1ef5acf0-ccfd-4e4b-9152-089a2ee9adc8,cyberpunk
732d9436-edcb-4746-be71-8e69ee735b49,pixel
c95ae4df-96a3-4088-b5a5-b14be8538a80,cyberpunk
91c01822-0756-48bf-8aab-4ac144c73089,futuristic UI
f9513f40-6d1d-4d77-89c0-436599b84943,oil painting
07fd5fc1-d0d6-4092-b90c-f53bb939ab74,Ink scenery
34604202-3ec2-45d2-ae90-9e91bbed95b9,water color
cabbb530-f820-47c2-b264-c2f366683dce,realistic
9812afe5-97d1-4e3b-8c2c-c94aade170a1,water color
e7c248c7-0728-479e-bcba-334d867e2f52,comic
3a77629b-d346-46e5-9856-59377c6ada28,Ink scenery
db4be218-1271-41ba-b803-95c486db964b,cyberpunk
b4b243f3-752c-4786-bbd1-d12bb6948e90,steampunk
06a69de4-f87a-4f5f-a212-0e3d43d4af76,water color
0f9cbbbd-68a1-402c-8a83-799f8206df8a,steampunk
de349a25-53a1-4663-bc2e-649ac220d552,water color
404af250-e7c3-4cc2-8680-810e2ad2a8bd,steampunk
36a43a26-0312-4b26-ba4d-aee048c2a6bc,comic
7edb661d-c7e8-4453-9fe7-6c9b07c8815d,futuristic UI
d0f2aa24-f1c7-4b93-9e37-f2491256f55d,water color
9797ab61-ea70-42d5-ae64-d149377149ce,pixel
91762c2d-c209-4f11-89c7-ffd12ee15809,water color
b3b4f3b8-bff3-4314-914e-24b56f8632a3,water color
17a2ad05-357f-4986-bf4e-621803392dc7,futuristic UI
f80419c9-cdc0-40e7-89ef-3d028a0b175e,water color
db53f9b5-0584-4e5d-ac8a-b658e63e87dc,water color
ef4f8a25-f7bd-400d-982a-bdce477dc723,Ink scenery
2c0fc5c3-7567-4ec7-ac43-acdff902b53a,UNK
58f8f7ef-4607-4540-bbbb-96da55606bf4,water color
4301eaf3-baf8-4a53-8d95-671af92ddc6c,cyberpunk
d508c0d5-6eac-4dd3-b2f3-39ac938cc1a5,realistic
854dc85c-2a83-40e5-b882-1aa5ad33edd1,lowpoly
5c6ceaba-9b22-4989-bc7e-2476b480b7bb,cyberpunk
1428b9b9-b548-41bd-a8d2-20c08a3e0785,water color
e7555c31-f2e7-448c-808d-12f5b1960723,oil painting
eb0d9b93-47b3-47b1-9546-8931cb3e7f65,cyberpunk
c89a6e7b-f49e-4d04-95e2-fbc5720aa84e,lowpoly
bc747aa1-91f4-47ee-b302-fca6d0dc9967,comic
d57c5db6-6500-4941-827b-e344fe4b1319,futuristic UI
e163bd22-183a-47c8-b157-9fdca54fcbf3,pixel
35529d20-174b-4af0-a7d8-2cbb3e94bbc5,Ink scenery
8aa3fd5e-8b96-43f3-a6a4-320178031eea,futuristic UI
6fb4f13d-cc76-49ab-9bb3-fad22712b72b,water color
f03362d7-da90-4ac4-a295-1b3e3670a624,water color
ccebd9ec-9ee3-432c-9727-4ef5fb781ef7,Ink scenery
bf8bcb77-164c-4cd0-bfdf-78f118e1c086,lowpoly
876a23cc-f509-44e8-a238-18be97e53041,oil painting
c846473e-0cb2-4c46-9c13-85c7daf46511,realistic
603a1b40-c22a-42b0-bcca-74e997ee1a0d,pixel
f3388397-221a-48f1-b47b-736608087f1d,realistic
d67928d0-6b30-447b-b50d-fd637e4cb279,realistic
0648d73b-ddba-4f2c-bfbb-e56128466f3b,steampunk
d5ba04ca-7979-47ef-9706-664e918bf928,steampunk
9e3f4a20-a721-4608-bab9-5f98ac47efcd,realistic
3abd14d7-dccc-4452-a28a-9e02efd35417,water color
bea824cb-74dc-466e-9345-e71bc14e97bb,pixel
62411114-82c8-403b-a014-8ef7c02d4fcc,UNK
85d3a49c-cb04-415d-9fcc-49442dbca576,oil painting
b96eaa34-781d-48db-9b8d-ae50a7cfd626,oil painting
4105a77e-e5f1-4d80-b8e1-8c0c157354cf,steampunk
36718211-8af4-4d60-8aa7-6fe318485ff6,Ink scenery
a5f14e14-d4f9-4e9a-82e3-d2bc41821ff5,Ink scenery
24056e49-0928-4add-8614-db6905f20a76,cyberpunk
753294d1-761b-4e2d-bbf3-a330ef013656,comic
0f026306-ea4a-45b3-9875-2589869a5a7a,realistic
b036eca9-c353-4110-b5e7-f5ffe55592b8,UNK
7fe196ed-83e4-43ab-bb1b-bfc1814854ed,realistic
039ce157-f0ed-4fe4-91bb-6e82847adb58,comic
12d43f0a-3570-43b7-8947-323cac728214,cyberpunk
70aea59c-0d8c-4584-b7b3-32ad38f858c3,water color
87ea347f-6f56-40df-b511-96e34c01ea38,realistic
3a805ed2-19ff-4832-a7b0-a6b3a021d8cc,realistic
69c2eae3-0cf1-452c-8da1-95a9342bd2c5,futuristic UI
04599ab1-1015-4ea9-ae93-11fb94da25ea,realistic
6ce1e9a4-ca6c-4e6b-84c2-9333719aca94,realistic
0a0faaa8-ae89-4192-8c80-848a4705999e,water color
59f8369b-3c08-449a-83a7-664cb4945221,comic
dd0b84fe-2989-4881-8a49-b3746887a294,water color
d62ccf41-616f-4c81-8e68-00450438d0af,realistic
276abee9-dd34-40c1-b62b-5a699a977cb0,cyberpunk
aae053d3-c510-41e3-955b-d3dc17b8a895,steampunk
4a3a9f6f-d81c-4a82-899a-62a6911ac6ae,lowpoly
b40019c5-191c-4d66-b928-7aab1dd0c9ed,comic
d0378581-3b15-481e-baf0-9c002044b53f,comic
8fa4d230-06db-422c-9f5f-dcc5a46b8baf,Ink scenery
f03e1a63-7d84-43ed-8b53-1688dc865900,water color
cfa09281-66df-40c5-a1fb-37a12a541ca1,realistic
d1da2c30-7e2a-4cbe-985c-43deb369c92d,oil painting
13b6e4d3-e41f-45ee-8bac-c092e2316987,pixel
36b41e42-c6d3-4b90-88e3-cab59aa9a086,Ink scenery
55a2acf1-1cda-4c73-b159-3574cd3b9ea0,cyberpunk
3e2a65a0-4444-498e-81ab-3f5a34eb9028,Ink scenery
cfbf2bdb-07d2-4475-b34f-4747372813bb,UNK
22563e1e-d2a9-4cb3-88eb-03f6bb7e3f54,realistic
fe0cf13d-67d6-424a-9228-30bf67377044,water color
76f81bdc-3379-4921-8e7b-21dd34bac791,water color
dc7fc674-a5b3-4ff8-8d79-9dec795fb5ab,water color
29150e95-40c8-414f-93d1-91bc7f2a2d30,water color
726ab2ef-b2dc-4052-86f4-18ac40e5919a,futuristic UI
82512c24-1f8c-49ce-a629-250b103687a8,realistic
7a130a64-2c04-4067-a0a7-740573df3e79,pixel
fb9ab085-0556-4681-9061-0b28e97bf027,futuristic UI
358b1be3-16dd-4840-a339-3bfcf46d9b6e,realistic
93699fea-8fc5-440a-af23-e1c2c5761473,cyberpunk
b8117692-7708-4374-9402-7513aa4f5444,comic
7b725326-ab5f-4a42-ab17-8f11f35e6ecb,water color
9a7810cc-2aa2-45a1-b8d7-5e87c3ea5540,realistic
9f6553a2-e5b3-4306-95f5-23a26c26b0d0,UNK
858c2b3e-965a-4e0c-93f3-dc5b726da605,futuristic UI
a951c39a-e65a-43c0-8023-67cd5921f6ea,realistic
f40e3ff3-d986-4385-8d2f-d4488c48a13c,futuristic UI
b7bd09be-7f2b-4ceb-abca-3b9df1556845,realistic
15929a25-d501-4b75-b327-209fddcbfec6,Ink scenery
22ad91c1-1890-4294-94f3-2761d76a0197,futuristic UI
ddd6483c-da45-46eb-aa83-e636a3f9ba13,pixel
06f3c72e-20fe-4008-a757-b284effb454a,pixel
2aa86a1d-8859-456a-ab7d-96c7babc9e5a,Ink scenery
9ab645d3-d19e-4cae-8ec8-30df79dce486,UNK
54aae270-7ec6-4e47-ab7f-5f3bc16f2331,steampunk
938d870e-726e-4a87-a7e5-eed8a32dc613,comic
d19a7c5d-9ecd-4584-8cb6-b66bb9aa4e83,Ink scenery
11cbdbb6-55ed-4233-9d79-58aef4c85e06,water color
3b293487-aa22-4d79-a24f-0b326b9053ae,futuristic UI
a853edb4-a3b4-48c4-88c7-3f6904121fc9,pixel
16329c83-6429-4945-bb30-75993bf4fd53,cyberpunk
cde510b9-75d0-4a2e-b0e7-61247b367f54,cyberpunk
11750a6e-af53-4539-9a08-4dcbcbca1700,realistic
2c3ed393-d21a-4778-8b29-293cb80da472,Ink scenery
af6d4a0d-cb97-4031-9e6f-5c6cb6c57cc1,realistic
3976de30-3719-4188-8f4d-a5f827a111c6,realistic
7685f8d6-85b4-4e08-940e-a0263a2d1893,Ink scenery
e5f84197-db5d-4830-aed6-058920f58ceb,Ink scenery
94ec756d-f49c-4af9-a6e8-415cc8b76594,oil painting
095e7bfc-df4d-467a-b6c5-b7740d4b6964,pixel
94ccce6b-3fbc-475b-9160-facca90055d6,pixel
6b433e84-097a-4c9c-b0e8-1c282822bc52,Ink scenery
29816428-3436-48d7-a59f-58321e6bac03,steampunk
58b713e7-3b69-441a-8bb1-d73711c27c8c,comic
3973b16b-85a2-4530-8b6a-72988dd4efcb,lowpoly
539a993f-3e5e-4405-8389-4b89b4112d69,UNK
ca0d6dff-fd0b-499f-a684-7cb02b0d83c1,comic
393c6f64-ab0d-4531-8404-c4845bbebb5e,oil painting
92f62a2f-af60-4b37-8105-cd99cd9892c4,UNK
a74805cb-20c4-47d4-8276-04614086f68e,steampunk
584574ce-bbb6-44bb-b922-4b6dd62e0974,steampunk
11575a20-6cf0-4a17-972f-31dcd863e060,Ink scenery
c61f2c4b-9d28-4c57-861a-e766fa435409,cyberpunk
c320bc37-8444-4654-ae42-824f10c7c8a6,Ink scenery
bd8ccfa1-a636-4f59-b1e4-e86a98da6fb5,comic
acba0ce1-5f55-4da7-975f-4d9cac8d8bd5,futuristic UI
7669701e-f6c0-4b39-9748-0fdfa82beede,futuristic UI
51c98ebb-2dca-4348-877d-68e54f2e68aa,pixel
03c117ed-90ee-4676-87a5-bdcaa19e91bb,steampunk
f9a9c5dd-88f4-4a73-9e2c-236ce276f973,realistic
0e25b7e1-829d-4e72-859c-e32c0f623add,steampunk
70401b32-bd2c-45eb-980a-41b237fe1de2,realistic
b13cedd8-0dc0-46bc-a884-f89078607f29,realistic
84262cfb-9d81-479f-b7f1-c0e80a46a233,lowpoly
e8fad97c-1e4f-40d7-9664-03015b69b1e7,futuristic UI
2d21e7b3-057a-4a3d-9da6-9151cd33ff24,Ink scenery
7d60be9c-aaa5-4ecc-9f39-5a2c822136b8,pixel
37597b47-7aa2-4b9b-b8be-738d41265f0e,pixel
7878cc40-de18-42a2-8076-f6899425e82b,UNK
83947f57-a446-4714-b9ff-4bf5b9afd512,water color
863d6aa9-c16c-4cbe-b639-f479e0e0a46d,realistic
96017667-2775-40ca-9e61-8b3eba012d46,pixel
3e9f3ebe-fb89-4c50-829d-40ba2f365d2c,cyberpunk
f6c775aa-d4d0-4138-aa55-a00e724c7795,pixel
824709b5-d2c2-4042-ba41-08a2f19f20aa,cyberpunk
d20e2339-1e76-4bed-a3a5-0fb371a33093,steampunk
f6c02a57-056a-49e7-95d2-7e25f01d5f3d,realistic
f8692e12-b3c7-4cf0-8d19-292d3e549d4f,realistic
fd5ddf11-187a-4db1-b846-7f64d29d7f54,pixel
5ad10615-ef46-49be-885d-3e621de17c65,oil painting
ee152635-a9c3-41f6-b40d-6fc28a322717,Ink scenery
3fb2ab27-766d-4766-87b9-c336fcd5fb62,pixel
4ced2695-2038-427e-86b9-5f6832bc161b,oil painting
e75cbdb7-9285-431f-adc9-a70552e2c975,water color
84d5fc78-8250-487c-872e-0259cdff0a05,realistic
3dd91642-5c90-426a-8b20-2b72a247310d,water color
3d60543f-2166-4fa1-8562-b7b7ede5b38d,Ink scenery
d3a0b2e0-6a77-4f6c-8406-0c6e9b1a7f61,water color
bce36497-02a9-4069-bf37-e4c5a853794e,realistic
bc2b170e-fb11-4777-8f91-941f2ce1333e,realistic
1daea68b-e87f-4960-9071-03674c24087b,Ink scenery
722f8b3b-7ff2-40b2-8ace-45e4a31bc4d1,comic
9beb9214-9794-4382-a6b0-f3a7773c3c20,pixel
d3be97c5-36cc-4376-a362-6cf6aa0dd6ba,cyberpunk
381fbfec-c582-4448-b039-5726db178556,Ink scenery
c6e1ad83-7cbb-4639-ac16-5ecd114d59c9,UNK
b9248a15-fa1c-4731-8efb-a0e492f13880,realistic
8c7d4f4e-0ee6-4b8c-8b0e-2af4a10133bd,cyberpunk
66e1385f-63a7-45d5-b67b-5a278efef8b2,lowpoly
b28238ec-f960-4424-ac60-2f6abfe72120,pixel
80770510-6bc4-4e56-92a0-335f265e1670,realistic
2c1e449c-8d1b-4ed2-82f0-b8444084c99f,cyberpunk
fd06de75-4cad-4235-87cb-587c0edf2763,lowpoly
1c420624-1e42-4dbf-baa9-8a482bc0ef61,cyberpunk
87e36871-313e-478e-a734-b130ff7d56f5,Ink scenery
f38b8606-42ac-4d6d-8472-f672f174ef91,cyberpunk
a27d8450-b910-421e-9b19-328de1c5f508,oil painting
2f6cbf85-4c91-43b1-aa7e-745f2fd985bf,water color
25834b47-35cb-4a1a-9336-f843c946bb43,steampunk
a9237c2c-1919-400f-a27b-d63958e0efc0,pixel
acaf1d91-708b-42fa-b2b7-7ebc2ba7e70c,pixel
c1f40013-aa88-4fc1-86e6-a1a672a710e4,pixel
3d6c8d2a-cb57-433c-a97b-d40d25bcad50,lowpoly
104ad376-d79e-45ed-9099-ea252610a7aa,lowpoly
0335cbb1-b575-499f-b15e-a9af662ece76,water color
4bebc8e8-3193-4587-9bf3-d4af8626dd2b,water color
6ac2248d-8ca2-455d-a77c-80594438b8a0,cyberpunk
b9b9d2e8-bef2-4171-b910-bc146b8da559,pixel
b31519db-75dd-4841-9936-426907ea345d,oil painting
d6adc80d-9c52-4f72-bd0d-f887c94b712d,cyberpunk
7cc28730-a211-4191-9c17-87d7921fd22c,oil painting
5f4b2379-21cc-443c-bba9-c80e42c2d801,UNK
d1a32156-6e0d-49f1-afe7-9d3a369be73e,realistic
ca5397c1-5d7a-4d78-97e5-8d1faf8d4584,oil painting
e11b8028-0fb0-4c5e-a78a-c4d1d5ace847,water color
a7272ac9-85c9-4f35-a8bf-5e2be9ce4143,cyberpunk
a8a661f9-5b60-4441-bd35-38c0bbfc5cfc,Ink scenery
9c556cc7-18d7-467a-a189-9450e4d20431,steampunk
600ac935-2558-42f0-bd05-23c52f69e4a5,water color
284ed6de-7378-442f-b35f-cbc4d678b942,UNK
75d88216-21ce-406a-b068-1b10d575559d,lowpoly
8f25cf3a-f0a6-4ce5-a8af-c98b94b9b9f2,comic
cc3ba268-bbec-4bb9-9f63-d70a34e5fc9b,oil painting
d577f02f-a173-4777-819e-e46570a61201,water color
93e80761-3596-4eb6-8536-a2bd72611069,water color
78dbaa42-f0f0-49a1-b3d9-4fee5247745d,UNK
47fcb51c-2ad5-4c79-9685-8fb84ef89edc,steampunk
80ec660d-2229-4296-ac80-a4da9b88d263,cyberpunk
850622e7-1e9f-4c22-b407-9ad678a64a06,UNK
38d90ffe-778c-4575-8857-63af4332fa0c,water color
3dc6a7b3-1727-413d-b511-b7696e2f3a39,comic
7e85ea5e-c178-40af-a39c-eff8f705dcc1,comic
d77beb72-cf38-4d69-82f9-1b7fd24ca387,comic
e74fc294-ec6f-42d1-a81a-4e05ba2404bc,pixel
3c058d1b-932a-421b-b085-b51193c2eb12,Ink scenery
ab4f166b-c810-43fc-814c-8e576c23a312,realistic
755fc10e-1638-4490-801d-4d0420ee75f6,pixel
ca0ff056-6eb1-480d-8967-5d5b425b6118,water color
41e216d0-bc34-4a84-b6ca-b10bfae903cf,water color
4bc9d3d0-b0d4-498f-9356-969a711daf5a,water color
ee5e24ca-0d22-4129-954b-5dc09d71a99c,pixel
355c6371-c71d-4ce7-a36d-06934e5f6d8f,water color
f955f6eb-4db6-4218-bda0-d76bd88f542a,cyberpunk
55dbc0dc-7baa-42b7-bd07-501a3a56c0d8,water color
7e5cef62-1541-431f-893b-4e9636804ba3,lowpoly
4d5aa497-e43e-4800-9e12-48453d462ccb,UNK
47f61d04-c6ee-444e-9625-b90f6dd14a29,steampunk
3f66d9ae-9176-4b46-acb9-f03fc0f004c2,realistic
0c6965f7-fd08-4e1f-886c-b6df636fd731,oil painting
2d0cb540-48f6-4c42-a722-6045c993fa2b,UNK
1dc7bbfe-8189-402e-a27f-eb17950b29b5,realistic
aa6dc482-1eb2-42b9-8d05-22d637b4ded9,Ink scenery
221cc9aa-fde7-4899-a0aa-8407924cb080,steampunk
32df267e-f8b5-4347-970d-f62d287e89a3,cyberpunk
e444e3d1-1554-4323-bc71-d62581657692,UNK
e01589c5-19cf-475f-bc20-ab76ffa72202,UNK
30ecd68e-74ba-4550-a0ef-a97f720dfeb7,UNK
63e9ad03-c5fd-41e5-a82f-fa0d0f1008e1,oil painting
08125ee0-f716-4ace-b591-55b04b00c2f4,lowpoly
9792a1e3-cbaa-4e57-9832-dc7c269e2ff6,water color
9ecd03ac-5028-46f2-8add-0bd52411fff1,pixel
5847afe2-d87f-4993-b907-ebd9a025b628,oil painting
f87a07b3-bbe8-43a1-a8af-e0f75f3c32e6,oil painting
4f3ca30e-17e6-483e-8c03-c41c779563d4,futuristic UI
1afe8cf2-f318-4118-8769-f40003033364,cyberpunk
ab146828-7520-4669-9de0-83e56fb5b2ee,UNK
9a29ac00-a950-4d80-86fe-a9625e7db489,cyberpunk
cd66b043-c30f-406e-9f16-aea3573aaac6,lowpoly
fd75f50c-a2cf-42e2-8c8a-90b7ed24c6c4,UNK
7a7f3809-29bc-494d-a0fc-49e4102d06a1,pixel
a45899ab-7d52-4b8f-ad52-10f6fd6d3a40,realistic
cd5b2c14-99a0-41c0-9f82-b55d3ef1416f,Ink scenery
3c506b2b-25e3-4eb2-9b73-acce029f0803,realistic
b6fa89cc-7322-477f-9125-16ff4949c3d1,pixel
716b0368-548e-4244-9336-9256928c2d52,cyberpunk
5f639659-e4b2-40e4-849a-a362598ea5e3,cyberpunk
4bb1c26b-e6a3-422d-9b1c-ca9dc3895f8a,steampunk
494b468d-ce3b-4b27-a526-95b4725029f2,oil painting
ed4e746d-1566-429e-9293-a3a1fd71dc78,futuristic UI
33d8d197-1d48-4cb1-9fed-002d256062da,pixel
f45d75b3-ccd9-4810-8620-8b4da565f6d0,water color
7202acc4-b4b5-497e-813a-311a0b73a44f,realistic
2d0c0d33-e0fe-4115-bd0d-76d92ff7f878,cyberpunk
365a0f5f-7c76-4e7f-a88b-3cc2d52279c8,UNK
1e20dcf4-6ea4-4f60-9e2d-a46acbe28afd,cyberpunk
fa1be4b4-8124-4b7e-ad0b-a4722244c147,lowpoly
81b20911-3a24-4967-8655-7ed9e4965293,Ink scenery
eb256016-b49a-41b4-80a3-702d84d9ffe3,UNK
b7f37598-45ae-46da-a9bf-f710f3a12d53,UNK
0d1ad278-8c90-4d5f-88dd-63f6197f2e08,UNK
d2ed0b32-e865-4c4d-b766-6092f3a0c880,water color
9a70ea65-9b77-4cd3-9292-f747b49bcc56,futuristic UI
51398975-36d3-40e2-91b5-ebb0a4676370,UNK
d32b6717-d1a5-4cb4-a0f1-7462857b3c33,water color
42cefea0-fab2-47c3-98e7-081b9ae8ce5d,Ink scenery
988231ac-1cd3-4a73-b117-896aa648610e,water color
ad06c715-cf4f-46a3-bbbe-298fd3cbf1c1,futuristic UI
abadc8cd-8a9a-4983-818c-1d0a09b7e758,pixel
41988eb3-b1a9-4e26-a874-32bfea4a37a1,Ink scenery
a5a119b1-0289-4883-b59c-5975dfa961dd,cyberpunk
e7cf1435-003d-4f10-8912-b89bdd94e15c,UNK
f0b0028b-c598-4f8d-867d-d2691e5b06bc,pixel
6b503c34-85bb-40f1-8b7e-2a281140a432,futuristic UI
0f07c6f8-65c3-4a59-b893-55fde56b155c,realistic
3c5e8a14-62c7-4a93-857c-b71a43bf6c59,pixel
a11fdfd5-8bab-4b47-ac9e-e9658f4d1a6e,water color
d1e9ac1e-4404-42d1-b6fc-7c7b4f714b9b,steampunk
fc70e92d-eeb8-44a7-98c1-37969f3f4fba,water color
f271c925-c583-40f5-ab53-2529738f667c,pixel
2c2a3257-d878-4e2d-afa8-1f4bd52e4758,futuristic UI
0909ce5c-c852-4e50-8a05-3b50b7314208,water color
3cf0e48f-e705-464f-af04-76f173109da6,Ink scenery
faab1976-338b-4a6d-8ace-3d66e3075b5b,water color
46d57045-c90d-4b3f-895c-ad61bc4e3367,pixel
f95851f0-5b70-4eb3-bb19-3f22b0d12e44,UNK
86b66706-7ff2-4b43-ba03-91883945c990,realistic
343064c2-3a6f-4873-aea9-fb3e7ef1aad8,cyberpunk
e6536ce0-5bdc-4b42-abb2-ee01199974a7,UNK
b75f555b-796f-49c3-85cb-51b132e47cbf,futuristic UI
389a3e57-0730-4606-b1bd-ad12c8a37aa3,lowpoly
9108b6e6-6eb2-4282-9e54-48e90dc1ceb7,realistic
6e61f5c8-06a5-4aa5-be12-6d86378e7ee6,water color
a3f2911c-6dec-47f7-8f91-b7d97c7686a7,pixel
367cbb30-82f3-41e5-b427-6cef65cda5ed,futuristic UI
488269d0-7f4d-40dd-a108-808ae9b10055,comic
1ebe4715-8724-4b18-8d36-87c6b319a008,comic
06ee62d7-cdcb-4642-bb42-a2aae0f06148,UNK
a0ee1452-c34b-49b5-8b38-633daf21add8,realistic
c0248414-c41d-437f-b1e5-bd557b694c0a,Ink scenery
55fb3ada-2078-4c8e-9527-7813de6ff1e1,comic
efff881f-a7c8-4c9a-9646-cdb5f14243d9,pixel
770e7971-41e9-49e2-824e-f4bafca618cd,futuristic UI
4170f75f-7174-45a4-9e84-901eb515212d,Ink scenery
78e7eef3-e7ec-4d3c-b080-e1c524cbd54e,Ink scenery
1452de1d-356d-407c-8985-53d3eb609b88,water color
77c6b280-25d2-4183-838e-d06cef5b0209,pixel
9dc3f91d-c02b-404f-a29e-64fae9dc877e,steampunk
2d5c29b0-9390-49a6-861f-d7956508abdc,lowpoly
aa3b97c0-3748-468c-8cfc-7e1690c525ba,water color
fb3f7d2c-c2be-465a-9138-998e74a43a0b,oil painting
03951865-e3b8-49e5-9516-31bd1b3f3157,lowpoly
4d7cff28-397f-4da4-80a9-71a708a2bd07,steampunk
b28e29e9-8cc7-4692-af7d-c8aeca213c54,comic
6309a4cc-cc6f-4043-bc9e-fc22cd82d1cb,futuristic UI
47a46d63-7d7b-48fa-96ec-90632c9ff576,Ink scenery
77624375-2851-48ce-81f3-0835f43d90d2,pixel
f6903498-ee71-45df-887e-c2b415159cb4,futuristic UI
daf5832b-e2ab-4148-b236-28b70bfb9d22,Ink scenery
804e7250-8a63-4ab2-ab75-9f05b6335d63,pixel
ddbd7bd9-9b72-4661-b743-49df68dd6ca9,water color
939fae14-3d7f-4b3e-8149-0ad4ea811d40,pixel
964ea3fd-195f-4001-883a-24ef440793e4,water color
7dbc2859-7956-4775-91ac-2e0b8572aff9,steampunk
ef14688b-068e-43f3-8b37-c6f3d1c4ba0f,steampunk
848aace9-7a07-4112-b895-b24efe0f36b7,oil painting
20241307-f99a-4bd5-b9c3-53f675c11b2a,water color
4a687db5-b33d-45cd-884e-580bb39d0144,realistic
0047e7df-846c-4c0a-83cc-aa9252d81b3c,water color
f887d26a-4f82-4a84-a09d-f107707a5a71,oil painting
5f2030fb-9788-489d-b473-b4b7baf2a10f,futuristic UI
7eb4d09a-e79a-401c-9b92-c4ec3e2d071b,Ink scenery
1da164e8-d616-4ea8-9705-79034c4fa3b8,oil painting
a5384db0-ed4a-4c7e-839c-9932586add10,realistic
57778126-6d9c-4c9f-84c0-ca4511bbe6c8,futuristic UI
948e501e-aa57-4b79-924f-9ccdd2d589be,UNK
eef2d9d8-a70f-4ab6-956a-c16c6920ba72,cyberpunk
8245eb65-ff17-4c22-a158-42ddb32a4e02,cyberpunk
1eabe287-8ef9-45fa-b4ae-0bf50fe4a45e,pixel
f4db49ce-1b19-4e1d-a6ac-95db8826448b,water color
929d2b34-d037-4d51-bc74-676467f91a89,cyberpunk
8a8d6ddb-9771-406a-ab0c-b17cb11f7df3,steampunk
f4c47b6e-b755-436b-ae7f-2c23e03cb0bc,water color
90167f28-c3cb-4914-b1b8-b6b680747695,realistic
840a1516-0e1f-4751-9816-e67ba44d953a,water color
e9f82d83-ae95-4da8-bf2b-00bc56fb086a,water color
69d8f808-42db-4bff-a2d3-0e9fa5741fbd,water color
c768c8cc-8608-49ac-8de0-0a3c8d017aab,steampunk
20a34a95-7da3-49aa-965b-bb714b442432,realistic
80080f5b-1e29-4310-8a5b-b1ec2d7a544d,futuristic UI
df557057-c383-438c-be8a-82ea2350753f,UNK
d7b6570c-0ae9-40fc-9512-203267210c62,UNK
75bf6fdd-fb5f-48eb-aa88-6b910aeabc1e,water color
97a1cbef-b519-48a2-9864-63e565c76ae4,comic
5a1e07e6-344f-447b-b4e0-c995f41ca7a4,UNK
8baf7885-2c4c-41bb-a69f-8aab9868ae6b,water color
c380a080-96af-4ea7-b286-293d2baa3726,comic
a0f6666b-15a6-4a49-8706-3380f4e9af09,water color
a52d8963-1ad1-466b-84c9-aae98406b758,cyberpunk
e7c24ae9-52fb-4234-9686-f3e9356eb4d1,steampunk
f5b7e587-9b51-491b-9b49-10a6292967f8,comic
28fd9685-b081-4117-a65d-8f5cf5a946f9,UNK
